# name: debug
# type: sparse matrix
# nnz: 5976
# rows: 96
# columns: 96

1 1 10899715.961048853
2 1 379971.559832582
3 1 353581.881014673
4 1 2203037.053841848
5 1 -1177888.268423713
6 1 -9231865.958091432
7 1 -3483088.781984714
8 1 -22128.868513924
9 1 31414.221619788
10 1 -337236.527342768
11 1 204127.438633861
12 1 792697.987805243
13 1 -122902.529454465
14 1 -19784.224011731
15 1 1836.265830919
16 1 -30947.156172428
17 1 117885.119673785
18 1 216076.151921394
19 1 -163627.640474604
20 1 -19232.102912791
21 1 -31145.049665321
22 1 -340439.841438117
23 1 120509.382337964
24 1 659754.328837753
25 1 -158110.445905984
26 1 -16485.987849186
27 1 -33105.813262189
28 1 -349572.165594569
29 1 95338.504245568
30 1 636409.673641236
31 1 -155116.589729977
32 1 -19756.374247169
33 1 -35195.308361076
34 1 -360574.187782009
35 1 128460.221397426
36 1 687043.970101023
37 1 -121486.695572520
38 1 -5677.118285129
39 1 -18335.129677778
40 1 -160614.357288021
41 1 39623.973940161
42 1 371807.889861540
43 1 -193222.856291020
44 1 -44744.090584556
45 1 -43175.559360472
46 1 -383268.002244889
47 1 60174.813113120
48 1 937394.070875409
49 1 -105434.287595340
50 1 -1815.754382492
51 1 -4487.990598823
52 1 -8990.404858498
53 1 38880.375436104
54 1 140998.313152129
55 1 -194785.506663344
56 1 -60525.261134055
57 1 -20908.747146942
58 1 -72462.881594124
59 1 -49550.563806304
60 1 713874.414735915
61 1 -68.067252179
62 1 101706.988956923
63 1 -713.142307279
64 1 -88.827344099
65 1 -346.265149175
66 1 -309.852200800
91 1 -3242512.291868883
92 1 -39178.737167358
93 1 128760.308535270
94 1 -761.326307157
95 1 48467.098217795
96 1 190.169855500
1 2 379971.559832582
2 2 7747497.308311766
3 2 79101.447283136
4 2 982860.673715273
5 2 -766384.307938955
6 2 -2932636.535114085
7 2 -83424.999639239
8 2 -3374226.514694720
9 2 -60492.213296777
10 2 -220425.048560512
11 2 59587.851721156
12 2 393554.806965409
13 2 -25419.254101564
14 2 -69566.715752039
15 2 -1086.294244572
16 2 -41362.411725467
17 2 68203.854695220
18 2 111921.257724067
19 2 -43149.348989827
20 2 -82089.922839001
21 2 -11014.950137234
22 2 -108926.322310973
23 2 65938.673638001
24 2 285312.372783721
25 2 -40213.770237642
26 2 -70531.005274471
27 2 -10614.896406731
28 2 -98054.168197570
29 2 57161.341829649
30 2 262789.925277891
31 2 -44006.476927982
32 2 -76001.685947724
33 2 -11137.035403074
34 2 -131408.961169843
35 2 73631.897719169
36 2 324570.015741049
37 2 -23107.879160641
38 2 -57231.281341740
39 2 -4218.677329897
40 2 -24908.533792791
41 2 28474.200134940
42 2 126386.149776518
43 2 -74607.154241397
44 2 -100254.114970009
45 2 -6392.293334164
46 2 -82041.394309314
47 2 66565.108861876
48 2 539271.856226233
49 2 -10903.087365889
50 2 -51379.128967964
51 2 -2474.004307048
52 2 -25367.337805401
53 2 16923.801253598
54 2 19899.731148742
55 2 -79762.893448549
56 2 -109550.139918269
57 2 2964.012060130
58 2 14002.700212042
59 2 27737.270692992
60 2 529491.971259449
61 2 -101744.782383245
62 2 -42.102924092
63 2 -834.586694780
64 2 329.746495790
65 2 -76.413851816
66 2 -860.346174103
91 2 39892.404474563
92 2 -3245098.177909697
93 2 10627.257924030
94 2 -48392.876848691
95 2 -759.967385995
96 2 2830.384681486
1 3 353581.881014673
2 3 79101.447283136
3 3 11092508.308828691
4 3 8670164.375910653
5 3 2595518.722456425
6 3 -1436478.960695415
7 3 -107869.718315223
8 3 59966.631994327
9 3 -3656220.206898206
10 3 -723238.455325830
11 3 -232097.886814419
12 3 288042.043355363
13 3 3287.805927011
14 3 5124.346376605
15 3 -137015.085538670
16 3 -253670.959726903
17 3 -146604.405798806
18 3 -70542.532419898
19 3 -26249.207938770
20 3 7659.077717408
21 3 -170060.983641987
22 3 -578599.018438473
23 3 -126098.743598403
24 3 226939.090523906
25 3 -29595.074144532
26 3 11617.276606397
27 3 -164977.516640834
28 3 -567253.431895050
29 3 -119117.179493040
30 3 277812.153012771
31 3 -26923.328525436
32 3 6710.887486397
33 3 -163087.921391603
34 3 -541555.866939942
35 3 -158425.026359887
36 3 227636.270144231
37 3 -12725.825748186
38 3 13010.861393648
39 3 -129977.911219652
40 3 -367053.318833476
41 3 -107241.833853763
42 3 92948.482197095
43 3 -42578.444438152
44 3 20846.397014398
45 3 -222413.130562289
46 3 -851038.827913954
47 3 -378917.693566980
48 3 265913.270730823
49 3 4173.971312048
50 3 5899.737687281
51 3 -110224.620242544
52 3 -157273.795028010
53 3 -52166.018303438
54 3 -36300.229351973
55 3 -21857.669104964
56 3 27680.372735538
57 3 -235414.932765610
58 3 -654091.970625650
59 3 -531424.282422006
60 3 -24158.548540085
61 3 -1117.170201026
62 3 -3027.374780114
63 3 13.025571562
64 3 -449.888412171
65 3 -854.274582638
66 3 3.910154359
91 3 -129489.252760009
92 3 -12108.647607210
93 3 -3242788.341601586
94 3 -296.496412480
95 3 -1038.905629676
96 3 13.590129961
1 4 2203037.053841848
2 4 982860.673715273
3 4 8670164.375910653
4 4 33652038.154443547
5 4 5184233.424715882
6 4 -18984445.745548848
7 4 -348420.777728135
8 4 -102293.972387694
9 4 -641915.535845515
10 4 -4658876.149135322
11 4 -77339.194004132
12 4 3376936.367030232
13 4 2243.519544544
14 4 -1654.324216953
15 4 -222416.860571906
16 4 -1317537.979156940
17 4 99276.807970125
18 4 -89540.629758133
19 4 -271346.420175459
20 4 34480.451636156
21 4 -508401.962921473
22 4 -4018266.268147078
23 4 338833.162549491
24 4 2866257.141408100
25 4 -311889.803749309
26 4 40587.288213553
27 4 -494957.551116340
28 4 -3914416.979487250
29 4 347062.166289271
30 4 3301964.610320902
31 4 -278192.525077164
32 4 12943.897882040
33 4 -483838.630753302
34 4 -3703416.319482096
35 4 273126.604536734
36 4 2931700.805013221
37 4 -124536.449972514
38 4 51487.403405528
39 4 -317429.871301174
40 4 -2113194.915627971
41 4 6841.829695291
42 4 1232654.073609116
43 4 -363831.569957446
44 4 56012.929667429
45 4 -723331.329238322
46 4 -5074178.249001858
47 4 -540616.272923248
48 4 3297834.934785640
49 4 10369.949163035
50 4 -5326.513559934
51 4 -154589.109095423
52 4 -503321.529981439
53 4 -152780.151493421
54 4 -96936.805186218
55 4 -128772.341159523
56 4 31939.434242516
57 4 -562027.721834706
58 4 -2265560.192737382
59 4 -1790684.461721720
60 4 333172.939069039
61 4 -70303.750527241
62 4 -35.871964200
63 4 1509.987219161
64 4 -70524.408672676
65 4 -36.024107969
66 4 1512.164425251
91 4 -368.902116155
92 4 -236.404618991
93 4 -463.894704872
94 4 104.106285124
95 4 -280.753470559
96 4 -159.811047537
1 5 -1177888.268423714
2 5 -766384.307938955
3 5 2595518.722456425
4 5 5184233.424715878
5 5 21871742.247408886
6 5 9117953.703018256
7 5 200282.480175138
8 5 88184.617500551
9 5 -245142.913970193
10 5 -587941.868532452
11 5 -2122227.418368930
12 5 -1201348.637590458
13 5 65370.977604392
14 5 49500.645904031
15 5 -135181.998772295
16 5 -215153.625819431
17 5 -2165345.348258994
18 5 -1082612.973797306
19 5 92304.674284211
20 5 64430.182554290
21 5 -149666.153962151
22 5 -206153.689324511
23 5 -1872889.114335447
24 5 -1298745.625336510
25 5 74751.573160683
26 5 63719.017407180
27 5 -149278.297624071
28 5 -261432.622202502
29 5 -1751271.730332727
30 5 -1157517.232050467
31 5 90335.931998438
32 5 61809.906210206
33 5 -160043.159889320
34 5 -106757.814828969
35 5 -2070332.040634733
36 5 -1327412.791389751
37 5 36964.391023230
38 5 46097.089865351
39 5 -128132.594040474
40 5 -437852.547641509
41 5 -1305416.064312392
42 5 -570628.561707488
43 5 53695.882170919
44 5 131862.617522437
45 5 -404953.892600994
46 5 -1373118.558557512
47 5 -2929298.061535439
48 5 -1405983.018366572
49 5 34660.728846317
50 5 14407.971029581
51 5 -36644.296740372
52 5 -78830.106482071
53 5 -660482.057492248
54 5 -329947.649013670
55 5 1792.048289447
56 5 150277.750862790
57 5 -494152.250286564
58 5 -1987820.125624058
59 5 -2618541.916026057
60 5 -782823.654709361
61 5 29.734668804
62 5 -70318.836359329
63 5 -283.711713819
64 5 29.821028506
65 5 -70539.946483237
66 5 -283.926929816
91 5 270.046035550
92 5 -339.679311466
93 5 513.148733895
94 5 281.396132597
95 5 107.609752255
96 5 25.763898627
1 6 -9231865.958091432
2 6 -2932636.535114085
3 6 -1436478.960695416
4 6 -18984445.745548856
5 6 9117953.703018250
6 6 42869045.755074523
7 6 724083.792071619
8 6 229604.438221205
9 6 256239.222918097
10 6 3045109.730367949
11 6 -871191.750827337
12 6 -5784994.526575952
13 6 185437.934539439
14 6 85222.449898252
15 6 -16029.268858175
16 6 285060.458746243
17 6 -1103599.579137564
18 6 -1069226.302187406
19 6 591869.869369669
20 6 112731.776044961
21 6 258243.058633197
22 6 3147311.179405770
23 6 -1153148.450389189
24 6 -5059751.274536097
25 6 572886.388706315
26 6 94149.172698482
27 6 272281.719397379
28 6 3198094.816901229
29 6 -1003900.052716327
30 6 -4875848.916145307
31 6 614159.841583343
32 6 135066.782964469
33 6 276031.311744629
34 6 3344796.072121303
35 6 -1241651.910987983
36 6 -5315770.634047264
37 6 345397.162414018
38 6 38656.267442341
39 6 120597.808594173
40 6 1389332.493167981
41 6 -388595.798996760
42 6 -2379561.815601278
43 6 865520.990512822
44 6 325522.564457948
45 6 288143.388045524
46 6 3217508.918858144
47 6 -952210.965783580
48 6 -7164743.794980871
49 6 130620.358678567
50 6 8373.062454441
51 6 -1654.724073101
52 6 84982.193015595
53 6 -252755.367016948
54 6 -393787.138079619
55 6 691753.776232237
56 6 435669.222114153
57 6 35161.880929984
58 6 165038.833636979
59 6 -17186.186684383
60 6 -4405036.373024678
61 6 1491.149375825
62 6 -285.386272718
63 6 70611.291628780
64 6 1506.546281961
65 6 -288.484245114
66 6 70871.133586243
91 6 8.129105121
92 6 1.631613141
93 6 7.573083277
94 6 154.598823052
95 6 -32.509064253
96 6 119.162496785
1 7 -3483088.781984714
2 7 -83424.999639239
3 7 -107869.718315223
4 7 -348420.777728135
5 7 200282.480175138
6 7 724083.792071619
7 7 356660874061.348388672
8 7 336984574370.728820801
9 7 -173087542882.347290039
10 7 -3485795165619.742187500
11 7 1645726758084.961669922
12 7 -3978253604178.745605469
13 7 -361773973105.720336914
14 7 -336165249339.636596680
15 7 166398550610.378112793
16 7 3388461178304.566894531
17 7 -1639730393388.071289062
18 7 4054101635308.419921875
19 7 -20536178.322619505
20 7 -56958556.482174516
21 7 70327021.234330788
22 7 217422481.955289930
23 7 1207965046.181813478
24 7 1041916860.261856318
25 7 -307424.182567195
26 7 -95640.580781226
27 7 -10350.952023744
28 7 119038.771991052
29 7 -333676.793650948
30 7 1922577.770541500
31 7 -299700.594609977
32 7 -95363.498425164
33 7 10389.770084228
34 7 272652.247829113
35 7 -161779.451505023
36 7 2054061.707078923
37 7 -218518.832260052
38 7 -48150.378794984
39 7 3775.070606233
40 7 190843.574528364
41 7 -218275.349546274
42 7 1286926.329041278
43 7 -430169429.335393727
44 7 -478406709.231371403
45 7 325063509.864695609
46 7 3116430056.258001804
47 7 2269280835.393904686
48 7 7462152754.199420929
49 7 -229240.743508794
50 7 -51837.945037543
51 7 -15169.086065521
52 7 44547.414778184
53 7 -226204.659895611
54 7 1276355.613060496
55 7 -171100.452976495
56 7 -33053.374393552
57 7 -20478.508647707
58 7 -30066.877825086
59 7 -215238.548804550
60 7 608661.179434512
61 7 19.385531309
62 7 -1812.619873378
63 7 110.095298808
64 7 209.538601593
65 7 -18963.537739849
66 7 -586.925639552
67 7 133.688191422
68 7 -2382.118419578
69 7 -909.309764744
91 7 402334.169035815
92 7 59780.149530696
93 7 -103304.562478571
94 7 -790.028505840
95 7 58585.448573338
96 7 101.623753924
1 8 -22128.868513924
2 8 -3374226.514694720
3 8 59966.631994327
4 8 -102293.972387694
5 8 88184.617500551
6 8 229604.438221205
7 8 336984574370.728515625
8 8 320575561803.942443848
9 8 -166963691441.946228027
10 8 -3294311323777.104003906
11 8 1481054110802.238037109
12 8 -3805442420393.407226562
13 8 -339087978059.621459961
14 8 -316547366197.429931641
15 8 158264148125.430480957
16 8 3182411045812.444335938
17 8 -1496491273253.057861328
18 8 3825403413222.154296875
19 8 -139550270.741644025
20 8 -394622081.653804541
21 8 488561063.426417708
22 8 1499295812.209520817
23 8 8409585238.640579224
24 8 7220186715.462410927
25 8 -111607.511064131
26 8 -141695.475887214
27 8 72298.389725214
28 8 765825.233322500
29 8 -147958.676216238
30 8 887912.781979892
31 8 -109683.613069218
32 8 -137446.511975448
33 8 69912.898659580
34 8 731511.728492350
35 8 -163579.512074986
36 8 932568.979145519
37 8 -61237.416218519
38 8 -90198.259791952
39 8 39297.324090331
40 8 442543.912118822
41 8 -171199.851859163
42 8 480958.620128391
43 8 -2986329828.396221638
44 8 -3324295380.041780472
45 8 2260238667.193080425
46 8 21652316703.505279541
47 8 15804140317.915674210
48 8 51852235087.369316101
49 8 -66009.491992696
50 8 -99290.551728184
51 8 45491.973251885
52 8 466038.549883225
53 8 -101205.038728880
54 8 550048.812634744
55 8 -42313.495292925
56 8 -88152.248121510
57 8 32802.831276065
58 8 287442.004221309
59 8 -19220.831999190
60 8 314274.289770519
61 8 1778.568249247
62 8 29.385716285
63 8 -782.460886523
64 8 18976.994533768
65 8 216.622247831
66 8 -197.240424259
67 8 2432.566025828
68 8 156.903276294
69 8 677.176640725
91 8 -61462.468012451
92 8 402388.507875203
93 8 -39795.863556444
94 8 -58529.232422830
95 8 -743.037393845
96 8 3507.505520771
1 9 31414.221619788
2 9 -60492.213296777
3 9 -3656220.206898206
4 9 -641915.535845515
5 9 -245142.913970193
6 9 256239.222918097
7 9 -173087542882.345153809
8 9 -166963691441.943969727
9 9 89466481642.478790283
10 9 1692756147793.008789062
11 9 -680871886916.220581055
12 9 2004741053694.362304688
13 9 171212748241.593017578
14 9 161393357551.927001953
15 9 -82419409112.011108398
16 9 -1613758247307.800537109
17 9 711579975538.556274414
18 9 -1959171909550.342773438
19 9 201568136.874083936
20 9 570512641.901947856
21 9 -706740953.769389510
22 9 -2167546782.201319218
23 9 -12164686340.384252548
24 9 -10440521718.112443924
25 9 13331.717910204
26 9 81873.160160003
27 9 -287933.918664515
28 9 -1793699.451212217
29 9 -66268.952520921
30 9 -143988.853073774
31 9 33174.541887757
32 9 72233.633319263
33 9 -263843.409267167
34 9 -1701463.558118457
35 9 143612.545811887
36 9 -269097.469972825
37 9 21984.592276490
38 9 47379.691990228
39 9 -178858.001157965
40 9 -1012520.730595777
41 9 174167.649786267
42 9 -142041.724185289
43 9 4318816451.554064751
44 9 4807797248.533060074
45 9 -3269305684.876725674
46 9 -31315600207.639339447
47 9 -22862151275.815387726
48 9 -74993372992.170211792
49 9 10802.659868493
50 9 56180.298553594
51 9 -209397.710967176
52 9 -1150004.296353854
53 9 -16713.562898305
54 9 -106586.114833848
55 9 -6930.466023796
56 9 39355.002483312
57 9 -178538.419510144
58 9 -715026.264611454
59 9 -204422.131660402
60 9 -19217.811711923
61 9 149.450739922
62 9 -722.153941862
63 9 -20.453013344
64 9 -106.863452048
65 9 591.076420054
66 9 20.425694789
67 9 -992.711254268
68 9 840.034725400
69 9 52.992169484
91 9 101935.705119471
92 9 41936.909507156
93 9 401589.422577304
94 9 -983.895970845
95 9 -2583.872388530
96 9 60.233884064
1 10 -337236.527342768
2 10 -220425.048560512
3 10 -723238.455325830
4 10 -4658876.149135322
5 10 -587941.868532452
6 10 3045109.730367949
7 10 -3485795165619.721679688
8 10 -3294311323777.088378906
9 10 1692756147793.021240234
10 10 34070577172413.582031250
11 10 -16064258406339.896484375
12 10 38896711685838.023437500
13 10 3535096984140.271972656
14 10 3285376908913.382812500
15 10 -1626684287438.722412109
16 10 -33113437465179.296875000
17 10 16011676825814.382812500
18 10 -39623423558119.570312500
19 10 232629012.804492384
20 10 654094543.900451064
21 10 -809421879.876114726
22 10 -2509581255.512420654
23 10 -13878772199.613080978
24 10 -11948688609.654476166
25 10 283578.587890065
26 10 822325.604798640
27 10 -1755833.711405259
28 10 -16918056.515474774
29 10 2049350.532996460
30 10 -2158378.676311023
31 10 457327.438900079
32 10 777351.034495743
33 10 -1667041.343625400
34 10 -17309277.158693563
35 10 4569905.210262788
36 10 -2952613.395110745
37 10 306478.510409869
38 10 478933.347162450
39 10 -988612.095575940
40 10 -10249614.243815446
41 10 3805560.774177186
42 10 -1563104.295106508
43 10 4938632875.170381546
44 10 5496701777.379780769
45 10 -3737559931.033867836
46 10 -35826294382.625839233
47 10 -26081940957.084877014
48 10 -85717042559.891555786
49 10 189628.870830473
50 10 519075.329453524
51 10 -1105373.070361916
52 10 -10257825.980815465
53 10 1132639.746031357
54 10 -1551128.592528738
55 10 27538.180639140
56 10 309027.294968404
57 10 -691572.337167740
58 10 -5365328.109762319
59 10 -899899.355467745
60 10 -728732.593480490
61 10 70258.740735935
62 10 522.833348555
63 10 -2903.037311231
64 10 -801448.770023942
65 10 -5962.854402451
66 10 32913.847090772
67 10 -929404.127150545
68 10 -6914.972339497
69 10 38186.607878464
91 10 391.104760686
92 10 -782.075445082
93 10 356.878438352
94 10 7073.095946505
95 10 -37.297847349
96 10 898.803148695
1 11 204127.438633861
2 11 59587.851721156
3 11 -232097.886814419
4 11 -77339.194004132
5 11 -2122227.418368930
6 11 -871191.750827337
7 11 1645726758084.957031250
8 11 1481054110802.240234375
9 11 -680871886916.226928711
10 11 -16064258406339.955078125
11 11 10147820956638.048828125
12 11 -16754898574190.970703125
13 11 -1763886502119.350097656
14 11 -1589345891540.818115234
15 11 732119907191.221069336
16 11 16302911169848.748046875
17 11 -9391719867004.628906250
18 11 18890093190620.597656250
19 11 4060226921.295890808
20 11 11499162445.858921051
21 11 -14243737151.345767975
22 11 -43638079288.200286865
23 11 -245311163797.054992676
24 11 -210478787212.121002197
25 11 -314192.734231535
26 11 -98351.584421922
27 11 -155809.591216119
28 11 1135240.394781923
29 11 -5168246.504036601
30 11 1079675.044547824
31 11 -224430.993502478
32 11 -154802.173532575
33 11 61605.068714508
34 11 3691625.530707623
35 11 -6574792.751369158
36 11 -183299.244042450
37 11 -194160.670029554
38 11 -133735.363389654
39 11 103526.277965665
40 11 3055895.574316961
41 11 -5209172.193644451
42 11 -170030.908784325
43 11 87072884098.451400757
44 11 96932463426.582244873
45 11 -65911178536.753295898
46 11 -631319543844.726074219
47 11 -461029934721.847595215
48 11 -1512026570506.598876953
49 11 -188530.479411433
50 11 -52973.604891725
51 11 -92491.856274086
52 11 375402.462410495
53 11 -3000330.553533181
54 11 769226.839522161
55 11 -194419.600960288
56 11 7196.004916488
57 11 -236197.717458241
58 11 -1215573.578054537
59 11 -1737638.457778600
60 11 1117448.147428659
61 11 -468.406754223
62 11 70305.208423752
63 11 1337.602225385
64 11 5342.064356096
65 11 -801985.054659070
66 11 -15216.834672023
67 11 6194.672578449
68 11 -930026.967331954
69 11 -17653.287776028
91 11 745.197975601
92 11 362.548709123
93 11 -445.746604655
94 11 54.197631851
95 11 7075.070107603
96 11 -898.669129693
1 12 792697.987805243
2 12 393554.806965409
3 12 288042.043355363
4 12 3376936.367030232
5 12 -1201348.637590458
6 12 -5784994.526575952
7 12 -3978253604178.718261719
8 12 -3805442420393.383789062
9 12 2004741053694.376464844
10 12 38896711685837.960937500
11 12 -16754898574190.919921875
12 12 45382857715594.937500000
13 12 3976069487587.514648438
14 12 3725955308917.303710938
15 12 -1878582168844.992187500
16 12 -37379213903346.171875000
17 12 17145258946406.042968750
18 12 -45108425220572.187500000
19 12 2835129928.152746201
20 12 8018395112.238936424
21 12 -9929378983.189039230
22 12 -30447869479.468852997
23 12 -170961099894.461425781
24 12 -146754615354.885070801
25 12 1934674.233667652
26 12 811899.017444678
27 12 -12127.958832736
28 12 -1010918.848664978
29 12 1278222.327481956
30 12 -17172363.976810340
31 12 2026023.774765243
32 12 844339.994795970
33 12 -142249.274835435
34 12 -1509933.042447200
35 12 -827686.736260958
36 12 -19617082.168087520
37 12 1294764.964936837
38 12 427145.574667225
39 12 -50275.199723089
40 12 -811747.044459563
41 12 100004.749867375
42 12 -11986537.114818780
43 12 60700036478.890098572
44 12 67568911390.444252014
45 12 -45941954874.796569824
46 12 -440087127982.764770508
47 12 -321287746415.883911133
48 12 -1053982285068.067382812
49 12 1277600.091424189
50 12 485237.127470847
51 12 25313.957612727
52 12 -533147.281066016
53 12 1146656.532839905
54 12 -11155328.135431891
55 12 615960.185529791
56 12 287406.276170714
57 12 33311.583141725
58 12 -378859.722846411
59 12 1283728.763636311
60 12 -4170489.842517159
61 12 -2887.310038147
62 12 1314.961759561
63 12 -70555.638306600
64 12 33021.548742136
65 12 -14980.631315603
66 12 801203.534931850
67 12 38311.921093337
68 12 -17373.296473013
69 12 929663.356641288
91 12 0.649286459
92 12 -4.627357312
93 12 -18.703534230
94 12 -896.330840673
95 12 903.364674115
96 12 7077.171110516
1 13 -122902.529454465
2 13 -25419.254101564
3 13 3287.805927011
4 13 2243.519544544
5 13 65370.977604392
6 13 185437.934539439
7 13 -361773973105.720336914
8 13 -339087978059.621459961
9 13 171212748241.593017578
10 13 3535096984140.271972656
11 13 -1763886502119.350097656
12 13 3976069487587.514648438
13 13 376069729929.248840332
14 13 346275564223.798217773
15 13 -167940894347.928344727
16 13 -3508300784428.171875000
17 13 1793009326968.721679688
18 13 -4158453855769.931152344
19 13 -2361887068.554539680
20 13 -2114407962.132782221
21 13 990147000.951534748
22 13 20929098013.599987030
23 13 -11025663486.869749069
24 13 26039777637.850204468
25 13 -151439.508094676
26 13 -35936.529075525
27 13 13448.094241978
28 13 200292.231279028
29 13 -44544.931270537
30 13 740995.294613447
31 13 -97901.328984206
32 13 -17393.314812817
33 13 14545.993555324
34 13 203582.679384008
35 13 11030.707116744
36 13 386467.061156594
37 13 -91447.659407297
38 13 -16243.667865478
39 13 6466.030493011
40 13 128729.824167916
41 13 -9277.145740509
42 13 303666.289257809
43 13 -6296526416.690659523
44 13 -5229346138.121314049
45 13 1926569950.312905073
46 13 45682465460.344108582
47 13 -29154852319.575569153
48 13 70163615867.387451172
49 13 -79477.518962896
50 13 -2496.556872251
51 13 -3893.104954183
52 13 -1831.509576452
53 13 18546.029025588
54 13 104763.201411714
55 13 -97378.084800019
56 13 -10059.129252885
57 13 -4482.725873430
58 13 14245.572448448
59 13 -37732.333124083
60 13 199041.218902516
64 13 104.870492363
65 13 -4956.403094870
66 13 563.957504668
67 13 -1443.027661676
68 13 62315.339240399
69 13 -996.889721090
70 13 119.680818274
71 13 -1637.563546645
72 13 -2342.585704926
91 13 -1862667.758691141
92 13 77533.340778458
93 13 -64878.610350454
94 13 5.775789352
95 13 36762.984791961
96 13 448.334345438
1 14 -19784.224011731
2 14 -69566.715752039
3 14 5124.346376605
4 14 -1654.324216953
5 14 49500.645904031
6 14 85222.449898252
7 14 -336165249339.636596680
8 14 -316547366197.429931641
9 14 161393357551.927001953
10 14 3285376908913.382812500
11 14 -1589345891540.818115234
12 14 3725955308917.303710938
13 14 346275790828.298217773
14 14 320325628138.842773438
15 14 -156919791934.617675781
16 14 -3236902905272.222167969
17 14 1611071215948.071533203
18 14 -3854464620143.398437500
19 14 -2080980768.657940865
20 14 -1877869137.361078978
21 14 857136930.588888764
22 14 18547631854.271278381
23 14 -10223207998.793956757
24 14 22814249783.860984802
25 14 -40684.452861961
26 14 -69617.964774933
27 14 26833.945022427
28 14 266954.721925435
29 14 -38619.701628249
30 14 308739.845299161
31 14 -20312.457210746
32 14 -51126.566314953
33 14 16212.337565421
34 14 123101.410395304
35 14 15201.533936872
36 14 183011.670235063
37 14 -20810.746053120
38 14 -53094.418240499
39 14 14938.703095539
40 14 105060.671010059
41 14 12324.136380798
42 14 169275.321631013
43 14 -2804122692.143036366
44 14 -2091263650.467912197
45 14 478872948.828120530
46 14 20348961869.729976654
47 14 -21328431243.063735962
48 14 26016539627.905170441
49 14 -6038.945984547
50 14 -42179.326525785
51 14 6600.561277236
52 14 9670.229683160
53 14 13660.924655984
54 14 11658.860685347
55 14 -13428.665455634
56 14 -52837.974142849
57 14 15134.621132805
58 14 87127.773959970
59 14 9190.645177035
60 14 70899.849616831
64 14 4931.570439242
65 14 98.215748015
66 14 -993.354916934
67 14 -62431.009676144
68 14 -1386.044271897
69 14 -4558.856595842
70 14 1639.846805036
71 14 176.717656156
72 14 -515.290571179
91 14 -76494.027876321
92 14 -1862422.377756342
93 14 -47184.327055109
94 14 -36771.254235452
95 14 -4.140138155
96 14 667.614997876
1 15 1836.265830919
2 15 -1086.294244572
3 15 -137015.085538670
4 15 -222416.860571906
5 15 -135181.998772295
6 15 -16029.268858175
7 15 166398550610.378112793
8 15 158264148125.430480957
9 15 -82419409112.011108398
10 15 -1626684287438.722412109
11 15 732119907191.221069336
12 15 -1878582168844.992187500
13 15 -167941096053.678344727
14 15 -156919822510.617675781
15 15 78652356060.709091187
16 15 1576820555350.358398438
17 15 -737014781963.991455078
18 15 1897226740117.851806641
19 15 920794680.801458597
20 15 808853378.637286067
21 15 -370845609.569598794
22 15 -8193803025.292845726
23 15 5035361114.638953209
24 15 -9775248595.533975601
25 15 19659.259928806
26 15 31275.181701261
27 15 -149115.229947460
28 15 -749601.725024012
29 15 18499.535969371
30 15 -200570.726387271
31 15 19104.606328950
32 15 16079.822378587
33 15 -107159.620423669
34 15 -421662.961442554
35 15 -48739.011458041
36 15 -239346.958049560
37 15 11631.142007029
38 15 20023.680284842
39 15 -101634.677206986
40 15 -349656.425284185
41 15 -66113.955554603
42 15 -167519.756530215
43 15 -1956328582.741593122
44 15 -2003298934.509534836
45 15 1202305984.449724913
46 15 14186603099.541852951
47 15 4230978051.550366879
48 15 30130848947.850772858
49 15 2136.493282831
50 15 10353.041364892
51 15 -90169.732216833
52 15 -202075.716859925
53 15 -22445.273520532
54 15 -21954.195585553
55 15 -447.908976139
56 15 19566.848134565
57 15 -108612.337018259
58 15 -332105.061577919
59 15 -66630.823975964
60 15 -37666.228270943
64 15 616.056515497
65 15 -874.033787281
66 15 -19.547453285
67 15 -1125.252769054
68 15 -6077.442617747
69 15 -6.900102879
70 15 -2366.456630796
71 15 -492.851937054
72 15 50.484757361
91 15 65956.862118316
92 15 46876.049875466
93 15 -1861196.127922929
94 15 -55.324151564
95 15 -865.337303070
96 15 -11.627438185
1 16 -30947.156172428
2 16 -41362.411725467
3 16 -253670.959726903
4 16 -1317537.979156940
5 16 -215153.625819431
6 16 285060.458746243
7 16 3388461178304.566894531
8 16 3182411045812.444335938
9 16 -1613758247307.800537109
10 16 -33113437465179.296875000
11 16 16302911169848.748046875
12 16 -37379213903346.171875000
13 16 -3508301700860.171875000
14 16 -3236901474744.222167969
15 16 1576819064742.358398438
16 16 32758871850699.785156250
17 16 -16552241727436.324218750
18 16 38907416317963.414062500
19 16 21538003551.257354736
20 16 19355082200.128131866
21 16 -8998574221.827365875
22 16 -192088568379.735107422
23 16 103178592248.651763916
24 16 -237820592487.697296143
25 16 231680.279995180
26 16 279838.163456847
27 16 -743312.008897553
28 16 -7329160.859522786
29 16 1590599.383489069
30 16 -2109862.081123033
31 16 224041.893350181
32 16 126449.737592937
33 16 -417031.411323835
34 16 -4201383.902159062
35 16 835553.248625507
36 16 -2442660.637773122
37 16 146293.363434981
38 16 112518.050783849
39 16 -344808.303783898
40 16 -3180228.792151844
41 16 541578.244110900
42 16 -1577973.786815715
43 16 45583680363.698036194
44 16 36814005369.655082703
45 16 -12281916106.022476196
46 16 -330749269817.852783203
47 16 247748059417.996154785
48 16 -484965139179.775268555
49 16 8170.303651110
50 16 14478.082582797
51 16 -197723.334575136
52 16 -1427772.515162939
53 16 73628.816824392
54 16 -30626.674337553
55 16 25153.684529295
56 16 93104.472658938
57 16 -323882.094658724
58 16 -2453407.588022918
59 16 9641.127185873
60 16 -273774.930751457
64 16 872283.080871013
65 16 17603.056548889
66 16 -19903.388156323
67 16 -94773.001622104
68 16 -1912.468975349
69 16 2171.910670602
70 16 -928083.294619735
71 16 -18729.250634297
72 16 21183.925985873
91 16 119.243399733
92 16 4752.460673840
93 16 603.850170199
94 16 -21684.863403746
95 16 -365.051518451
96 16 -171.864155748
1 17 117885.119673785
2 17 68203.854695220
3 17 -146604.405798806
4 17 99276.807970125
5 17 -2165345.348258994
6 17 -1103599.579137564
7 17 -1639730393388.071289062
8 17 -1496491273253.057861328
9 17 711579975538.556274414
10 17 16011676825814.382812500
11 17 -9391719867004.628906250
12 17 17145258946406.042968750
13 17 1793008963028.721679688
14 17 1611071102424.071533203
15 17 -737014216071.991455078
16 17 -16552235185164.324218750
17 17 9673642632500.089843750
18 17 -19122343505346.546875000
19 17 -13428010758.556634903
20 17 -12474192398.917469025
21 17 6259790956.975312233
22 17 120141135836.316940308
23 17 -50628563048.794219971
24 17 156852400725.366149902
25 17 -20956.308667150
26 17 -23260.440900526
27 17 -5747.794804118
28 17 1316647.588347876
29 17 -3712137.394782184
30 17 -842548.650519075
31 17 8687.912870148
32 17 15310.534476221
33 17 -57173.912654198
34 17 713094.763157923
35 17 -3661918.783831741
36 17 -1042713.827164600
37 17 13456.478937774
38 17 25844.473259829
39 17 -83748.224204125
40 17 330574.610648932
41 17 -2665116.226209571
42 17 -948028.298910763
43 17 -114101480314.054077148
44 17 -101439193581.047958374
45 17 45560528328.221572876
46 17 827731185347.858764648
47 17 -294006888910.071716309
48 17 1418369533899.061523438
49 17 20652.702555001
50 17 14230.322807704
51 17 -31011.924654583
52 17 -15176.071662595
53 17 -704547.257348364
54 17 -316597.203918554
55 17 -30303.360418116
56 17 15777.428040802
57 17 -80089.404590754
58 17 -130198.396493959
59 17 -1261016.511574175
60 17 -210759.406531109
64 17 -17489.509445709
65 17 872497.446464465
66 17 5167.008672170
67 17 1900.251489260
68 17 -94794.805878905
69 17 -561.846189749
70 17 18608.327884156
71 17 -928310.251119791
72 17 -5496.216980958
91 17 -4761.224854699
92 17 115.147506313
93 17 -241.477643762
94 17 372.673870695
95 17 -21678.784259943
96 17 497.739211304
1 18 216076.151921394
2 18 111921.257724067
3 18 -70542.532419898
4 18 -89540.629758133
5 18 -1082612.973797306
6 18 -1069226.302187406
7 18 4054101635308.419921875
8 18 3825403413222.154296875
9 18 -1959171909550.342773438
10 18 -39623423558119.570312500
11 18 18890093190620.597656250
12 18 -45108425220572.187500000
13 18 -4158459535609.931152344
14 18 -3854467494463.398437500
15 18 1897228236565.851806641
16 18 38907462659275.414062500
17 18 -19122347440802.546875000
18 18 46429950420789.578125000
19 18 24538229459.398670197
20 18 21884716681.050933838
21 18 -9985071844.453884125
22 18 -218670759568.767822266
23 18 123162053932.790817261
24 18 -267440925495.164245605
25 18 749568.805983084
26 18 295197.818701698
27 18 -169510.815810499
28 18 -1906443.450252183
29 18 -585989.664861165
30 18 -6919745.668731033
31 18 385009.979356327
32 18 174232.170673145
33 18 -218823.419946606
34 18 -2255303.456948070
35 18 -1057940.937517288
36 18 -3903480.406364980
37 18 311887.464917241
38 18 162322.913689581
39 18 -145721.863680758
40 18 -1479176.531374117
41 18 -708010.751576025
42 18 -2841847.880071513
43 18 16838107950.272186279
44 18 9793232382.897304535
45 18 1533544970.459484339
46 18 -122234186739.828338623
47 18 225097053651.072265625
48 18 -95399308684.801452637
49 18 104318.433796177
50 18 8734.920443643
51 18 -12238.192822883
52 18 12818.892710228
53 18 -308050.360511935
54 18 -378087.581149860
55 18 201220.232381351
56 18 66169.258673494
57 18 -26718.784637993
58 18 -229572.131985662
59 18 -162588.994445838
60 18 -1002054.916545777
64 18 -19995.948661418
65 18 4765.089837032
66 18 -872669.267586437
67 18 2160.716922178
68 18 -515.693900023
69 18 94874.321420618
70 18 21277.428628403
71 18 -5074.421781699
72 18 928716.058279648
91 18 17.003661297
92 18 -64.935442085
93 18 -19.303713744
94 18 182.880352177
95 18 -477.961981447
96 18 -21704.557846850
1 19 -163627.640474604
2 19 -43149.348989827
3 19 -26249.207938770
4 19 -271346.420175459
5 19 92304.674284211
6 19 591869.869369669
7 19 -20536178.322619505
8 19 -139550270.741644025
9 19 201568136.874083936
10 19 232629012.804492384
11 19 4060226921.295890808
12 19 2835129928.152746201
13 19 -2361887068.554539680
14 19 -2080980768.657940865
15 19 920794680.801458597
16 19 21538003551.257354736
17 19 -13428010758.556634903
18 19 24538229459.398670197
19 19 2434251455.949789524
20 19 2211035342.324681759
21 19 -1088380203.903147697
22 19 -21460269190.562065125
23 19 9695940154.638929367
24 19 -27647899179.477798462
25 19 -12334436.941076571
26 19 -43937.486782960
27 19 -82715.593604803
28 19 275624.655085156
29 19 205223.915585008
30 19 1498005.582470520
31 19 -259568.222490766
32 19 -80281.048289132
33 19 32970.816665711
34 19 430682.101117596
35 19 -83209.959450775
36 19 1834391.825712929
37 19 -189496.070080408
38 19 -44146.457461467
39 19 17469.096198315
40 19 282956.653294491
41 19 -167059.694385288
42 19 1140974.140518941
43 19 -9463967.574510228
44 19 -10291166.297645653
45 19 6957365.299573273
46 19 66817547.962550655
47 19 48220579.712208182
48 19 161160123.961934924
49 19 -143649.333869133
50 19 -28273.672151928
51 19 4218.934687765
52 19 103172.179619564
53 19 122.855545251
54 19 687385.135541062
55 19 -121568.749152448
56 19 -32462.777349853
57 19 -8975.624562971
58 19 -17063.272782753
59 19 -17485.258083817
60 19 359353.941502139
67 19 -259.601598502
68 19 6370.883762365
69 19 -447.959547422
70 19 903.786084337
71 19 -25445.404330832
72 19 482.208086217
73 19 221.378886456
74 19 -2747.853269992
75 19 158.334666434
91 19 1667827.982379531
92 19 75883.480270921
93 19 31194.628330696
94 19 -111.587562643
95 19 33308.007253281
96 19 466.102589212
1 20 -19232.102912791
2 20 -82089.922839001
3 20 7659.077717408
4 20 34480.451636156
5 20 64430.182554290
6 20 112731.776044961
7 20 -56958556.482174516
8 20 -394622081.653804541
9 20 570512641.901947856
10 20 654094543.900451064
11 20 11499162445.858921051
12 20 8018395112.238936424
13 20 -2114407962.132782221
14 20 -1877869137.361078978
15 20 808853378.637286067
16 20 19355082200.128131866
17 20 -12474192398.917469025
18 20 21884716681.050933838
19 20 2211035342.324681759
20 20 2299047954.392485142
21 20 -1373191473.883704185
22 20 -19983984593.092853546
23 20 1111360433.634194851
24 20 -30345552617.982170105
25 20 -94652.617335153
26 20 -12202793.652981391
27 20 -217584.423124514
28 20 186164.180807739
29 20 -141629.219886718
30 20 602168.844362449
31 20 -82151.712494312
32 20 -108857.929040655
33 20 53379.613956293
34 20 610627.806784412
35 20 -160798.804187366
36 20 738388.558524047
37 20 -47257.383694489
38 20 -74300.477477507
39 20 30341.435067676
40 20 363576.277519551
41 20 -158694.186529909
42 20 371429.894844224
43 20 -26011447.463672433
44 20 -28968155.623052325
45 20 19677693.210682914
46 20 188612052.956336319
47 20 136880720.321988851
48 20 450709722.940234721
49 20 -30801.244438350
50 20 -71424.786370599
51 20 12486.895020594
52 20 129677.090640232
53 20 -57893.395799631
54 20 260544.995951259
55 20 -33090.255958827
56 20 -76704.323852714
57 20 6042.498678819
58 20 12493.807176296
59 20 31492.978656018
60 20 248735.313530799
67 20 -6370.955975820
68 20 -251.455027981
69 20 -98.551781084
70 20 25448.280959832
71 20 892.751222961
72 20 133.096519026
73 20 2759.799815621
74 20 211.951830963
75 20 836.864697016
91 20 -76249.763168774
92 20 1667265.134541418
93 20 61322.821526383
94 20 -33313.448398371
95 20 -113.524732518
96 20 513.104367952
1 21 -31145.049665321
2 21 -11014.950137234
3 21 -170060.983641987
4 21 -508401.962921473
5 21 -149666.153962151
6 21 258243.058633197
7 21 70327021.234330788
8 21 488561063.426417708
9 21 -706740953.769389510
10 21 -809421879.876114726
11 21 -14243737151.345767975
12 21 -9929378983.189039230
13 21 990147000.951534748
14 21 857136930.588888764
15 21 -370845609.569598794
16 21 -8998574221.827365875
17 21 6259790956.975312233
18 21 -9985071844.453884125
19 21 -1088380203.903147697
20 21 -1373191473.883704185
21 21 1119219159.360173702
22 21 10091143558.966886520
23 21 8100628049.966837883
24 21 20348907033.594722748
25 21 118518.163457839
26 21 326614.741130743
27 21 -12343665.119301111
28 21 -1320548.112424199
29 21 112164.326232478
30 21 -175365.911290408
31 21 39337.235041190
32 21 54001.613378812
33 21 -215522.453213743
34 21 -1429801.304465526
35 21 240419.365319296
36 21 -313611.472759413
37 21 23038.008027647
38 21 36552.071703143
39 21 -146277.412175884
40 21 -830689.917205631
41 21 214031.427534772
42 21 -159986.965764664
43 21 32118484.803998206
44 21 35787818.708126165
45 21 -24537189.732599478
46 21 -234385608.396230519
47 21 -169551176.579902321
48 21 -557355831.893280745
49 21 13714.521156499
50 21 18901.360709428
51 21 -125358.107708684
52 21 -482072.004629319
53 21 100516.802936204
54 21 -94354.631373004
55 21 -5226.432056371
56 21 12163.178821385
57 21 -138378.758919046
58 21 -330044.683487635
59 21 -202156.196529586
60 21 -33574.778383662
67 21 -476.199996841
68 21 -217.537103332
69 21 6.489663674
70 21 633.685449603
71 21 531.420874172
72 21 -6.726857438
73 21 224.541465405
74 21 910.098353100
75 21 2.627666861
91 21 -30142.600040536
92 21 -61440.346867367
93 21 1669603.371181098
94 21 -184.518398629
95 21 -575.073040226
96 21 -5.644167491
1 22 -340439.841438117
2 22 -108926.322310973
3 22 -578599.018438473
4 22 -4018266.268147078
5 22 -206153.689324511
6 22 3147311.179405770
7 22 217422481.955289930
8 22 1499295812.209520817
9 22 -2167546782.201319218
10 22 -2509581255.512420654
11 22 -43638079288.200286865
12 22 -30447869479.468852997
13 22 20929098013.599987030
14 22 18547631854.271278381
15 22 -8193803025.292845726
16 22 -192088568379.735107422
17 22 120141135836.316940308
18 22 -218670759568.767822266
19 22 -21460269190.562065125
20 22 -19983984593.092853546
21 22 10091143558.966886520
22 22 192136785185.691467285
23 22 -79299966727.551910400
24 22 251667968826.355468750
25 22 303896.414371905
26 22 245542.270918452
27 22 -1336269.609566224
28 22 -21406735.444533959
29 22 3183488.767460248
30 22 -2043271.338437683
31 22 481485.404087966
32 22 625904.541186319
33 22 -1430564.518622410
34 22 -15533258.425904453
35 22 5194367.007808674
36 22 -3053841.099499046
37 22 306257.413691727
38 22 378795.238504104
39 22 -829215.259175030
40 22 -8942324.110332718
41 22 4084586.021991697
42 22 -1509336.588320418
43 22 98848573.614656225
44 22 110287711.755662769
45 22 -76201670.234246641
46 22 -731995509.088569283
47 22 -514336874.975213706
48 22 -1710448910.262116671
49 22 146794.610437415
50 22 149191.392901645
51 22 -472770.128608338
52 22 -4506109.582661386
53 22 2101053.825216924
54 22 -587767.419747220
55 22 -10111.832658411
56 22 21627.979098822
57 22 -329912.111971576
58 22 -1700455.741819509
59 22 -487791.204626352
60 22 -113113.961105571
67 22 1024051.489263967
68 22 41718.835044716
69 22 -16366.988672826
70 22 -41840.306343073
71 22 -1704.380928322
72 22 666.038063733
73 22 -936627.554839491
74 22 -38157.179449330
75 22 14971.577123616
91 22 172.345559194
92 22 -3797.577908700
93 22 -557.003931429
94 22 10359.266526080
95 22 909.389695116
96 22 -144.679133839
1 23 120509.382337964
2 23 65938.673638001
3 23 -126098.743598403
4 23 338833.162549491
5 23 -1872889.114335447
6 23 -1153148.450389189
7 23 1207965046.181813478
8 23 8409585238.640579224
9 23 -12164686340.384252548
10 23 -13878772199.613080978
11 23 -245311163797.054992676
12 23 -170961099894.461425781
13 23 -11025663486.869749069
14 23 -10223207998.793956757
15 23 5035361114.638953209
16 23 103178592248.651763916
17 23 -50628563048.794219971
18 23 123162053932.790817261
19 23 9695940154.638929367
20 23 1111360433.634197235
21 23 8100628049.966835976
22 23 -79299966727.551910400
23 23 302924005254.022277832
24 23 53368600714.251914978
25 23 210258.480345918
26 23 -125959.558802029
27 23 101273.386668344
28 23 3096124.474298007
29 23 -12683291.419414133
30 23 -515197.144960126
31 23 -102892.029997331
32 23 -167408.509405555
33 23 241773.915892975
34 23 5183593.263693767
35 23 -7080123.198366500
36 23 -1349921.181423835
37 23 -113280.543573925
38 23 -139303.858540925
39 23 198570.090408633
40 23 3900220.660115968
41 23 -5413672.809927820
42 23 -958255.394745147
43 23 552237654.374430180
44 23 614746144.634220123
45 23 -417890815.877667248
46 23 -3999424443.217075348
47 23 -2932430306.469442368
48 23 -9593636371.084341049
49 23 17247.052605284
50 23 -47263.248917013
51 23 81228.617580370
52 23 1919940.090732928
53 23 -2432185.748884961
54 23 -908121.733553289
55 23 -3240.541290381
56 23 43458.614508033
57 23 -202425.351598630
58 23 -508550.499998692
59 23 -1512865.059235324
60 23 -325072.030871258
67 23 -41638.918423834
68 23 1024171.128636320
69 23 5317.118541927
70 23 1701.212470347
71 23 -41845.667613231
72 23 -222.345761038
73 23 38084.343538372
74 23 -936737.133658690
75 23 -4867.484676611
91 23 3818.258318560
92 23 174.315328020
93 23 371.627224252
94 23 -907.067831714
95 23 10348.532703848
96 23 1287.951189195
1 24 659754.328837753
2 24 285312.372783721
3 24 226939.090523906
4 24 2866257.141408100
5 24 -1298745.625336510
6 24 -5059751.274536097
7 24 1041916860.261856318
8 24 7220186715.462410927
9 24 -10440521718.112443924
10 24 -11948688609.654476166
11 24 -210478787212.121002197
12 24 -146754615354.885070801
13 24 26039777637.850204468
14 24 22814249783.860984802
15 24 -9775248595.533975601
16 24 -237820592487.697296143
17 24 156852400725.366149902
18 24 -267440925495.164245605
19 24 -27647899179.477798462
20 24 -30345552617.982170105
21 24 20348907033.594726562
22 24 251667968826.355438232
23 24 53368600714.251937866
24 24 421468199092.965881348
25 24 1516228.187510800
26 24 604978.377487545
27 24 -134182.305582759
28 24 -1682734.112561561
29 24 278971.617795143
30 24 -21984563.865866300
31 24 1827522.096403835
32 24 716996.750309640
33 24 -270290.741414962
34 24 -2563592.543481468
35 24 -1550364.835049613
36 24 -18439845.822235066
37 24 1164444.238085081
38 24 363705.696695451
39 24 -131253.130746640
40 24 -1411859.671487567
41 24 -379626.227024344
42 24 -11141848.738336243
43 24 476368423.688255072
44 24 528660566.418688118
45 24 -359087218.227658570
46 24 -3439986714.303740025
47 24 -2510383712.008327007
48 24 -8254514000.079957008
49 24 684408.467243601
50 24 247452.500758266
51 24 -50648.080853921
52 24 -285031.711899775
53 24 -719031.813225067
54 24 -6394621.561405132
55 24 360893.826297128
56 24 246631.005867653
57 24 -14260.963151251
58 24 -66962.878700871
59 24 -219870.022471604
60 24 -2278746.026174063
67 24 -16560.016617917
68 24 4640.218213732
69 24 -1025371.200082945
70 24 679.047505061
71 24 -180.620180495
72 24 41714.432109517
73 24 15139.822076615
74 24 -4242.231392832
75 24 937737.941116308
91 24 -33.515083309
92 24 57.861623474
93 24 21.018158553
94 24 151.568654104
95 24 -1283.412730698
96 24 10369.015405508
1 25 -158110.445905984
2 25 -40213.770237642
3 25 -29595.074144532
4 25 -311889.803749309
5 25 74751.573160683
6 25 572886.388706315
7 25 -307424.182567195
8 25 -111607.511064131
9 25 13331.717910204
10 25 283578.587890065
11 25 -314192.734231535
12 25 1934674.233667652
13 25 -151439.508094676
14 25 -40684.452861961
15 25 19659.259928806
16 25 231680.279995180
17 25 -20956.308667150
18 25 749568.805983084
19 25 -12334436.941076571
20 25 -94652.617335153
21 25 118518.163457839
22 25 303896.414371905
23 25 210258.480345918
24 25 1516228.187510800
25 25 28269816.150208618
26 25 330188.148266318
27 25 37325.253141344
28 25 -1073576.268496517
29 25 680400.648110920
30 25 -12021674.069207398
31 25 -10744548.009458356
32 25 -81548.353823836
33 25 -41963.200742094
34 25 258604.786908205
35 25 186487.520333069
36 25 1316458.878424054
37 25 -143962.738634576
38 25 -26513.166654139
39 25 -962.126232958
40 25 112910.496570240
41 25 -218588.661072262
42 25 649538.332698523
43 25 -255107.286283479
44 25 -90501.062401267
45 25 13714.846529251
46 25 272364.737645295
47 25 -187598.604174483
48 25 1694876.074224414
49 25 -124209.103548094
50 25 -25860.794915439
51 25 -11517.401491985
52 25 -7488.120739967
53 25 -115415.984485817
54 25 452584.217883224
55 25 -148094.682101865
56 25 -35735.573367626
57 25 -12447.315122141
58 25 -4182.379129466
59 25 -165111.251658125
60 25 597060.890325719
70 25 -2.584422665
71 25 -12.870785992
72 25 -405.943367155
73 25 -65.441164996
74 25 -665.192011254
75 25 1482.151174456
76 25 -57.050847953
77 25 2039.245469402
78 25 -598.630179719
91 25 390109.324043326
92 25 -19277.551226800
93 25 -47612.119130326
94 25 46.058868303
95 25 22244.108623769
96 25 522.311048625
1 26 -16485.987849186
2 26 -70531.005274471
3 26 11617.276606397
4 26 40587.288213553
5 26 63719.017407180
6 26 94149.172698482
7 26 -95640.580781226
8 26 -141695.475887214
9 26 81873.160160003
10 26 822325.604798640
11 26 -98351.584421922
12 26 811899.017444678
13 26 -35936.529075525
14 26 -69617.964774933
15 26 31275.181701261
16 26 279838.163456847
17 26 -23260.440900526
18 26 295197.818701698
19 26 -43937.486782960
20 26 -12202793.652981391
21 26 326614.741130743
22 26 245542.270918452
23 26 -125959.558802029
24 26 604978.377487545
25 26 330188.148266317
26 26 25871452.758859087
27 26 -414549.030806525
28 26 -2962722.888909520
29 26 544260.379921080
30 26 -3848611.056174099
31 26 -32049.475824472
32 26 -10627787.135013249
33 26 343615.292123288
34 26 207484.876491821
35 26 -91604.510359804
36 26 530100.645022665
37 26 -28229.494866937
38 26 -66923.999475661
39 26 27496.661078809
40 26 275567.391612050
41 26 -69103.525626292
42 26 221110.239070923
43 26 -90580.661767244
44 26 -119012.052569633
45 26 64378.589992629
46 26 640454.847216028
47 26 -106437.864482434
48 26 754985.998113594
49 26 -27366.775147354
50 26 -73054.550363924
51 26 22599.340362001
52 26 168350.925017320
53 26 3285.850491817
54 26 235751.790886551
55 26 -35440.715301071
56 26 -81405.243067107
57 26 28262.971732052
58 26 243920.119324971
59 26 3719.867460054
60 26 327866.144678155
70 26 26.242021029
71 26 -7.170139706
72 26 310.096797386
73 26 645.057540503
74 26 -127.240483194
75 26 1897.299795467
76 26 -2014.656890187
77 26 -64.504121155
78 26 510.039844296
91 26 18386.493564355
92 26 389969.366092164
93 26 -30323.970179303
94 26 -22236.809719265
95 26 46.253418524
96 26 290.772199699
1 27 -33105.813262189
2 27 -10614.896406731
3 27 -164977.516640834
4 27 -494957.551116340
5 27 -149278.297624071
6 27 272281.719397379
7 27 -10350.952023744
8 27 72298.389725214
9 27 -287933.918664515
10 27 -1755833.711405259
11 27 -155809.591216119
12 27 -12127.958832736
13 27 13448.094241978
14 27 26833.945022427
15 27 -149115.229947460
16 27 -743312.008897553
17 27 -5747.794804118
18 27 -169510.815810499
19 27 -82715.593604803
20 27 -217584.423124514
21 27 -12343665.119301111
22 27 -1336269.609566224
23 27 101273.386668344
24 27 -134182.305582759
25 27 37325.253141344
26 27 -414549.030806525
27 27 28212647.090227235
28 27 11272506.742399735
29 27 487011.747721946
30 27 528196.419537510
31 27 70372.663731140
32 27 -241479.094482202
33 27 -10755924.831162028
34 27 -1233119.215153281
35 27 14675.276502777
36 27 -159153.328033701
37 27 724.125576323
38 27 29747.338649100
39 27 -132458.083612701
40 27 -613590.023033361
41 27 -55585.865767259
42 27 -54816.108328834
43 27 11368.021482422
44 27 60596.353722184
45 27 -232694.702926870
46 27 -1446872.865369870
47 27 -17700.500063511
48 27 -146617.248761395
49 27 -6209.354459065
50 27 25160.462280447
51 27 -133716.528934391
52 27 -496912.606496671
53 27 -167070.176897264
54 27 -19827.424855966
55 27 -11688.806141926
56 27 29919.562122791
57 27 -158502.579171663
58 27 -643362.977548509
59 27 -231564.755201693
60 27 -4607.383881891
70 27 -418.061942326
71 27 293.918268447
72 27 11.307220419
73 27 1329.033748581
74 27 1940.898281126
75 27 39.146407871
76 27 -773.180507036
77 27 455.375582057
78 27 19.353664050
91 27 48018.720392534
92 27 30111.659312985
93 27 390230.082557721
94 27 -702.397649354
95 27 -219.140155820
96 27 7.726596176
1 28 -349572.165594569
2 28 -98054.168197570
3 28 -567253.431895050
4 28 -3914416.979487250
5 28 -261432.622202502
6 28 3198094.816901229
7 28 119038.771991052
8 28 765825.233322500
9 28 -1793699.451212217
10 28 -16918056.515474774
11 28 1135240.394781923
12 28 -1010918.848664978
13 28 200292.231279028
14 28 266954.721925435
15 28 -749601.725024012
16 28 -7329160.859522786
17 28 1316647.588347876
18 28 -1906443.450252183
19 28 275624.655085156
20 28 186164.180807739
21 28 -1320548.112424199
22 28 -21406735.444533959
23 28 3096124.474298007
24 28 -1682734.112561561
25 28 -1073576.268496516
26 28 -2962722.888909521
27 28 11272506.742399734
28 28 101519562.319804698
29 28 -10147721.695476063
30 28 8281494.205872943
31 28 267974.289256147
32 28 226641.025485742
33 28 -1221107.913675650
34 28 -19378295.858685303
35 28 1954570.617789400
36 28 -2268203.694003018
37 28 119977.246807368
38 28 278861.420263033
39 28 -609974.923618374
40 28 -5788497.763531350
41 28 849628.890322247
42 28 -1020476.444608828
43 28 267196.215486901
44 28 628492.451085528
45 28 -1439696.742791671
46 28 -14267212.544724755
47 28 2686950.538571258
48 28 -1847098.657680503
49 28 9459.654887419
50 28 177943.522235329
51 28 -490187.541439150
52 28 -3695838.367506532
53 28 -732012.112449638
54 28 -475447.519455449
55 28 -4478.893113469
56 28 245679.964613672
57 28 -637633.013557309
58 28 -4942860.161098737
59 28 -1057932.631347537
60 28 -536685.988608101
70 28 969485.017053237
71 28 41304.799942560
72 28 -7620.453005751
73 28 97958.036063000
74 28 4173.424603974
75 28 -778.500596486
76 28 -821466.265905746
77 28 -34998.525521485
78 28 6453.415397376
91 28 -232.882549107
92 28 60.449657431
93 28 39.531362035
94 28 1950.328538313
95 28 81.228793895
96 28 -292.703055205
1 29 95338.504245568
2 29 57161.341829649
3 29 -119117.179493040
4 29 347062.166289271
5 29 -1751271.730332727
6 29 -1003900.052716327
7 29 -333676.793650948
8 29 -147958.676216238
9 29 -66268.952520921
10 29 2049350.532996460
11 29 -5168246.504036601
12 29 1278222.327481956
13 29 -44544.931270537
14 29 -38619.701628249
15 29 18499.535969371
16 29 1590599.383489069
17 29 -3712137.394782184
18 29 -585989.664861165
19 29 205223.915585008
20 29 -141629.219886718
21 29 112164.326232478
22 29 3183488.767460248
23 29 -12683291.419414133
24 29 278971.617795143
25 29 680400.648110921
26 29 544260.379921080
27 29 487011.747721945
28 29 -10147721.695476066
29 29 49949413.128383219
30 29 -2052404.233593691
31 29 109279.403281265
32 29 -108674.694401421
33 29 14624.457680222
34 29 2017209.534601336
35 29 -11626011.646268206
36 29 701062.081747468
37 29 -206203.173702941
38 29 -60727.604749555
39 29 -64940.001341468
40 29 745660.592767620
41 29 -3726143.293719582
42 29 544503.239483497
43 29 -222276.446725883
44 29 -118121.228732423
45 29 -27482.757129902
46 29 2600481.284933573
47 29 -5596550.046751799
48 29 81892.793745542
49 29 -103337.623513712
50 29 9953.973712157
51 29 -168390.763930105
52 29 -762669.909633145
53 29 -1430755.694070374
54 29 562814.538116738
55 29 -155731.629953104
56 29 7119.098074498
57 29 -228989.187384575
58 29 -1055633.030953335
59 29 -1776166.331937338
60 29 922433.790890982
70 29 -41081.474996700
71 29 969157.903529664
72 29 26659.103443896
73 29 -4151.384300015
74 29 97924.491590206
75 29 2701.126186083
76 29 34809.355100904
77 29 -821190.269765151
78 29 -22589.023727029
91 29 -70.270385557
92 29 -232.230791703
93 29 -224.405136088
94 29 -89.796590604
95 29 1924.143782581
96 29 -2264.018955563
1 30 636409.673641236
2 30 262789.925277891
3 30 277812.153012771
4 30 3301964.610320902
5 30 -1157517.232050467
6 30 -4875848.916145307
7 30 1922577.770541500
8 30 887912.781979892
9 30 -143988.853073774
10 30 -2158378.676311023
11 30 1079675.044547824
12 30 -17172363.976810340
13 30 740995.294613447
14 30 308739.845299161
15 30 -200570.726387271
16 30 -2109862.081123033
17 30 -842548.650519075
18 30 -6919745.668731033
19 30 1498005.582470520
20 30 602168.844362449
21 30 -175365.911290408
22 30 -2043271.338437683
23 30 -515197.144960126
24 30 -21984563.865866300
25 30 -12021674.069207398
26 30 -3848611.056174097
27 30 528196.419537511
28 30 8281494.205872950
29 30 -2052404.233593683
30 30 103414064.618998080
31 30 1302104.788007088
32 30 531362.428933823
33 30 -166950.847439668
34 30 -2094686.935802298
35 30 -193041.476124452
36 30 -19226149.649992239
37 30 654585.790577101
38 30 218057.275036953
39 30 -48253.944796567
40 30 -1002331.376330800
41 30 670489.688186969
42 30 -5511768.101645247
43 30 1676860.583122801
44 30 754653.626619429
45 30 -168383.942476971
46 30 -1910330.994040647
47 30 -275271.146767511
48 30 -15744005.199432785
49 30 453969.782690504
50 30 228451.979225415
51 30 4429.347431243
52 30 -337530.320583953
53 30 666889.041213648
54 30 -3234964.851753512
55 30 595255.257015065
56 30 326564.330225753
57 30 2400.271035999
58 30 -524015.637002114
59 30 993250.860374019
60 30 -4385969.702411213
70 30 -8742.528728024
71 30 26296.005272090
72 30 -970298.148500785
73 30 -869.948621778
74 30 2650.292560319
75 30 -98114.569517113
76 30 7407.389735934
77 30 -22281.381067632
78 30 822229.488109779
91 30 -3.960681282
92 30 -10.540715006
93 30 -14.729346472
94 30 290.449804502
95 30 2263.122914865
96 30 1925.648789503
1 31 -155116.589729977
2 31 -44006.476927982
3 31 -26923.328525436
4 31 -278192.525077164
5 31 90335.931998438
6 31 614159.841583343
7 31 -299700.594609977
8 31 -109683.613069218
9 31 33174.541887757
10 31 457327.438900079
11 31 -224430.993502478
12 31 2026023.774765243
13 31 -97901.328984206
14 31 -20312.457210746
15 31 19104.606328950
16 31 224041.893350181
17 31 8687.912870148
18 31 385009.979356327
19 31 -259568.222490766
20 31 -82151.712494312
21 31 39337.235041190
22 31 481485.404087966
23 31 -102892.029997331
24 31 1827522.096403835
25 31 -10744548.009458356
26 31 -32049.475824472
27 31 70372.663731140
28 31 267974.289256147
29 31 109279.403281265
30 31 1302104.788007088
31 31 28181267.891169965
32 31 262020.533328822
33 31 -27234.085227559
34 31 -1906672.903353600
35 31 -24770.642284279
36 31 -13094889.382329976
37 31 -12301389.540484417
38 31 88329.359969063
39 31 32926.378297359
40 31 297410.650886442
41 31 155755.276578694
42 31 1265938.000427279
43 31 -262768.224649796
44 31 -86993.063094192
45 31 35777.084078606
46 31 463891.035025011
47 31 -126202.194023961
48 31 1872270.492671158
49 31 -149971.406899580
50 31 -28697.362284819
51 31 4722.303155102
52 31 109861.088975849
53 31 -61508.162485887
54 31 805932.341044339
55 31 -132210.539185200
56 31 -32118.572731110
57 31 -9650.489677075
58 31 -13358.911037758
59 31 -103747.719580144
60 31 520209.403295831
73 31 68.838434649
74 31 -1732.098973138
75 31 -21.496025357
76 31 -582.415706714
77 31 13667.255289861
78 31 812.393083134
79 31 164.283338317
80 31 -3386.930920000
81 31 -742.141213227
91 31 -391918.313896972
92 31 12364.787623541
93 31 7196.141880825
94 31 29.356522227
95 31 22669.149657832
96 31 212.852402658
1 32 -19756.374247169
2 32 -76001.685947724
3 32 6710.887486397
4 32 12943.897882040
5 32 61809.906210206
6 32 135066.782964469
7 32 -95363.498425164
8 32 -137446.511975448
9 32 72233.633319263
10 32 777351.034495743
11 32 -154802.173532575
12 32 844339.994795970
13 32 -17393.314812817
14 32 -51126.566314953
15 32 16079.822378587
16 32 126449.737592937
17 32 15310.534476221
18 32 174232.170673145
19 32 -80281.048289132
20 32 -108857.929040655
21 32 54001.613378812
22 32 625904.541186319
23 32 -167408.509405555
24 32 716996.750309640
25 32 -81548.353823836
26 32 -10627787.135013249
27 32 -241479.094482202
28 32 226641.025485742
29 32 -108674.694401421
30 32 531362.428933823
31 32 262020.533328822
32 32 25936024.044114470
33 32 -360650.511650956
34 32 -2732842.219608196
35 32 704097.504181614
36 32 -4072210.978808443
37 32 -185768.073530506
38 32 -12168616.191530991
39 32 -475094.334471669
40 32 44606.940898900
41 32 -162321.814551621
42 32 416248.972145578
43 32 -87560.849833099
44 32 -115718.055090319
45 32 57164.038748120
46 32 632013.189438362
47 32 -172135.072353461
48 32 765599.624559479
49 32 -30899.771025989
50 32 -64420.777676593
51 32 19025.418886150
52 32 217620.154959832
53 32 -75392.830995608
54 32 284647.051192124
55 32 -32521.602789693
56 32 -72276.902691828
57 32 16466.542048238
58 32 140411.357541215
59 32 9506.270896417
60 32 278215.148399773
73 32 1733.280327325
74 32 68.392702086
75 32 453.872298882
76 32 -13668.512549363
77 32 -584.136950424
78 32 -186.915766666
79 32 3388.825531075
80 32 166.411826652
81 32 1137.319056491
91 32 -12535.870837126
92 32 -391136.342215919
93 32 -30975.174169937
94 32 -22669.214434432
95 32 26.127899345
96 32 67.420863673
1 33 -35195.308361076
2 33 -11137.035403074
3 33 -163087.921391603
4 33 -483838.630753302
5 33 -160043.159889320
6 33 276031.311744629
7 33 10389.770084228
8 33 69912.898659580
9 33 -263843.409267167
10 33 -1667041.343625400
11 33 61605.068714508
12 33 -142249.274835435
13 33 14545.993555324
14 33 16212.337565421
15 33 -107159.620423669
16 33 -417031.411323835
17 33 -57173.912654198
18 33 -218823.419946606
19 33 32970.816665711
20 33 53379.613956293
21 33 -215522.453213743
22 33 -1430564.518622410
23 33 241773.915892975
24 33 -270290.741414962
25 33 -41963.200742094
26 33 343615.292123288
27 33 -10755924.831162028
28 33 -1221107.913675650
29 33 14624.457680222
30 33 -166950.847439668
31 33 -27234.085227559
32 33 -360650.511650956
33 33 28097626.374396563
34 33 11222948.541805116
35 33 -568104.726603449
36 33 1202046.755239306
37 33 8428.903999247
38 33 548869.344763161
39 33 -12288491.123018432
40 33 -940549.228610100
41 33 185402.269619223
42 33 -138247.719977042
43 33 33654.025769509
44 33 58996.430915546
45 33 -218023.589336883
46 33 -1451755.553314620
47 33 218798.635175844
48 33 -279880.302614484
49 33 11255.487051489
50 33 25697.672054536
51 33 -132760.752296536
52 33 -659358.203646025
53 33 92410.213770134
54 33 -78397.182076951
55 33 -8978.183200402
56 33 22507.996127981
57 33 -146764.926548561
58 33 -549417.015325991
59 33 -209731.332680457
60 33 -9147.323447066
73 33 -37.423347440
74 33 457.912550077
75 33 0.591933390
76 33 919.874939493
77 33 -176.712928428
78 33 -2.658443024
79 33 -702.211832071
80 33 1109.841849872
81 33 1.663722233
91 33 -6749.117869567
92 33 31070.117303015
93 33 -390960.000599327
94 33 96.491120711
95 33 -36.157208618
96 33 -3.329211937
1 34 -360574.187782009
2 34 -131408.961169843
3 34 -541555.866939942
4 34 -3703416.319482096
5 34 -106757.814828969
6 34 3344796.072121303
7 34 272652.247829113
8 34 731511.728492350
9 34 -1701463.558118457
10 34 -17309277.158693563
11 34 3691625.530707623
12 34 -1509933.042447200
13 34 203582.679384008
14 34 123101.410395304
15 34 -421662.961442554
16 34 -4201383.902159062
17 34 713094.763157923
18 34 -2255303.456948070
19 34 430682.101117596
20 34 610627.806784412
21 34 -1429801.304465526
22 34 -15533258.425904453
23 34 5183593.263693767
24 34 -2563592.543481468
25 34 258604.786908205
26 34 207484.876491821
27 34 -1233119.215153281
28 34 -19378295.858685303
29 34 2017209.534601336
30 34 -2094686.935802298
31 34 -1906672.903353602
32 34 -2732842.219608196
33 34 11222948.541805116
34 34 107201020.657857656
35 34 -22042760.783814598
36 34 12114861.333694030
37 34 281594.293425980
38 34 54633.167371830
39 34 -957794.282277907
40 34 -17556001.734906185
41 34 3899367.810921697
42 34 -1460303.380985409
43 34 439565.802602768
44 34 628151.844968683
45 34 -1445024.005627734
46 34 -15597179.169117454
47 34 5211416.167343203
48 34 -2637911.048848303
49 34 142104.683872485
50 34 237251.820861514
51 34 -646065.091179592
52 34 -6240040.391210730
53 34 1867925.601331325
54 34 -701467.634610439
55 34 -16619.976334845
56 34 147712.038745842
57 34 -546229.172181400
58 34 -3993440.082020480
59 34 -849681.339671390
60 34 -294362.516394283
73 34 838793.984525332
74 34 33722.345796936
75 34 -2111.558517126
76 34 -134491.198907150
77 34 -5407.009280686
78 34 340.196229110
79 34 -950207.034308716
80 34 -38201.603836519
81 34 2395.263630248
91 34 -41.331773807
92 34 -92.680806011
93 34 181.783942793
94 34 1419.950827900
95 34 -515.670214497
96 34 -138.174886792
1 35 128460.221397426
2 35 73631.897719169
3 35 -158425.026359887
4 35 273126.604536734
5 35 -2070332.040634733
6 35 -1241651.910987983
7 35 -161779.451505023
8 35 -163579.512074986
9 35 143612.545811887
10 35 4569905.210262788
11 35 -6574792.751369158
12 35 -827686.736260958
13 35 11030.707116744
14 35 15201.533936872
15 35 -48739.011458041
16 35 835553.248625507
17 35 -3661918.783831741
18 35 -1057940.937517288
19 35 -83209.959450775
20 35 -160798.804187366
21 35 240419.365319296
22 35 5194367.007808674
23 35 -7080123.198366500
24 35 -1550364.835049613
25 35 186487.520333069
26 35 -91604.510359804
27 35 14675.276502777
28 35 1954570.617789400
29 35 -11626011.646268206
30 35 -193041.476124452
31 35 -24770.642284279
32 35 704097.504181615
33 35 -568104.726603451
34 35 -22042760.783814620
35 35 58445570.536160268
36 35 6127040.974568710
37 35 227442.576671123
38 35 -143559.554562953
39 35 162103.014426613
40 35 3529049.010173322
41 35 -13264604.525909781
42 35 -1008395.997370464
43 35 -91201.987326347
44 35 -155095.791682614
45 35 201859.370788970
46 35 5059679.063163872
47 35 -7246843.915338718
48 35 -1599948.870638079
49 35 -27742.853546901
50 35 -58143.396636141
51 35 71451.527209388
52 35 1673924.135278473
53 35 -2540569.252951532
54 35 -438591.171354368
55 35 -79352.022374029
56 35 24806.010779151
57 35 -209346.082248691
58 35 -863993.763432686
59 35 -1655354.426452593
60 35 405239.658894853
73 35 -33722.577512357
74 35 838797.005555202
75 35 -10.385439212
76 35 5406.970157842
77 35 -134491.067155910
78 35 0.389589157
79 35 38201.734717940
80 35 -950210.336308430
81 35 7.964638157
91 35 91.139325260
92 35 -39.248965663
93 35 64.812081219
94 35 522.650828068
95 35 1351.246206296
96 35 3319.272592272
1 36 687043.970101023
2 36 324570.015741049
3 36 227636.270144231
4 36 2931700.805013221
5 36 -1327412.791389751
6 36 -5315770.634047264
7 36 2054061.707078923
8 36 932568.979145519
9 36 -269097.469972825
10 36 -2952613.395110745
11 36 -183299.244042450
12 36 -19617082.168087520
13 36 386467.061156594
14 36 183011.670235063
15 36 -239346.958049560
16 36 -2442660.637773122
17 36 -1042713.827164600
18 36 -3903480.406364980
19 36 1834391.825712929
20 36 738388.558524047
21 36 -313611.472759413
22 36 -3053841.099499046
23 36 -1349921.181423835
24 36 -18439845.822235066
25 36 1316458.878424054
26 36 530100.645022665
27 36 -159153.328033701
28 36 -2268203.694003018
29 36 701062.081747468
30 36 -19226149.649992239
31 36 -13094889.382329980
32 36 -4072210.978808442
33 36 1202046.755239306
34 36 12114861.333694017
35 36 6127040.974568712
36 36 120676809.184803814
37 36 1286254.533695917
38 36 425450.067171770
39 36 -133992.015418093
40 36 -1671595.195254226
41 36 401810.736147501
42 36 -19744250.606014583
43 36 1883855.337139029
44 36 776573.217374822
45 36 -296250.824097075
46 36 -2935054.083780845
47 36 -1223116.467251980
48 36 -18835387.847843751
49 36 808964.062474545
50 36 274976.985854831
51 36 -40125.406318430
52 36 -485965.235945838
53 36 -86729.372626802
54 36 -7356953.420128400
55 36 525249.097561479
56 36 277738.484000277
57 36 4772.678357077
58 36 -302177.355722506
59 36 614887.463088860
60 36 -3728628.163072465
73 36 -2118.717875154
74 36 -93.544582714
75 36 -839712.569825875
76 36 340.531546985
77 36 14.536872802
78 36 134567.833591273
79 36 2393.554777097
80 36 111.682454776
81 36 951309.498433313
91 36 3.063736200
92 36 8.213951353
93 36 4.408884557
94 36 116.153207611
95 36 -3320.782414319
96 36 1347.242815102
1 37 -121486.695572520
2 37 -23107.879160641
3 37 -12725.825748186
4 37 -124536.449972514
5 37 36964.391023230
6 37 345397.162414018
7 37 -218518.832260052
8 37 -61237.416218519
9 37 21984.592276490
10 37 306478.510409869
11 37 -194160.670029554
12 37 1294764.964936837
13 37 -91447.659407297
14 37 -20810.746053120
15 37 11631.142007029
16 37 146293.363434981
17 37 13456.478937774
18 37 311887.464917241
19 37 -189496.070080408
20 37 -47257.383694489
21 37 23038.008027647
22 37 306257.413691727
23 37 -113280.543573925
24 37 1164444.238085081
25 37 -143962.738634576
26 37 -28229.494866937
27 37 724.125576323
28 37 119977.246807368
29 37 -206203.173702941
30 37 654585.790577101
31 37 -12301389.540484417
32 37 -185768.073530506
33 37 8428.903999247
34 37 281594.293425980
35 37 227442.576671123
36 37 1286254.533695917
37 37 23809996.847507153
38 37 57269.604681051
39 37 -9607.409069695
40 37 -1385885.444087561
41 37 492616.642886830
42 37 -9556895.571332341
43 37 -7001047.400062966
44 37 -66788.716621750
45 37 65854.880762575
46 37 292835.011544410
47 37 112484.585120035
48 37 1197959.695836787
49 37 -140997.173706452
50 37 -26015.160986460
51 37 5014.322066484
52 37 110401.762805769
53 37 -41638.776533355
54 37 738746.047684685
55 37 -112601.226026852
56 37 -20899.575808361
57 37 -6137.245924144
58 37 -2188.167015604
59 37 -67839.216046143
60 37 353343.949768493
76 37 18.967564088
77 37 -345.622943388
78 37 377.994743662
79 37 1820.640686672
80 37 -35966.186415890
81 37 -158.119558619
82 37 -128.034864976
83 37 1919.771918283
84 37 -2593.030311745
91 37 1326472.210501995
92 37 19613.724245530
93 37 3895.266985343
94 37 -57.018325689
95 37 18360.470849376
96 37 474.573229824
1 38 -5677.118285129
2 38 -57231.281341740
3 38 13010.861393648
4 38 51487.403405528
5 38 46097.089865351
6 38 38656.267442341
7 38 -48150.378794984
8 38 -90198.259791952
9 38 47379.691990228
10 38 478933.347162450
11 38 -133735.363389654
12 38 427145.574667225
13 38 -16243.667865478
14 38 -53094.418240499
15 38 20023.680284842
16 38 112518.050783849
17 38 25844.473259829
18 38 162322.913689581
19 38 -44146.457461467
20 38 -74300.477477507
21 38 36552.071703143
22 38 378795.238504104
23 38 -139303.858540925
24 38 363705.696695451
25 38 -26513.166654139
26 38 -66923.999475661
27 38 29747.338649100
28 38 278861.420263033
29 38 -60727.604749555
30 38 218057.275036953
31 38 88329.359969063
32 38 -12168616.191530991
33 38 548869.344763161
34 38 54633.167371830
35 38 -143559.554562953
36 38 425450.067171770
37 38 57269.604681051
38 38 21834248.611857764
39 38 -359117.833202872
40 38 -1917235.494059040
41 38 716459.686052449
42 38 -2271763.441017739
43 38 -26491.620162664
44 38 -6882660.041536679
45 38 243978.650340489
46 38 139383.442146815
47 38 -142237.790007149
48 38 392480.163699546
49 38 -26323.515281127
50 38 -59561.520768470
51 38 23757.149952561
52 38 211088.125115095
53 38 -70875.739984350
54 38 244401.441189574
55 38 -19049.854886734
56 38 -61186.174315612
57 38 17337.171005560
58 38 122607.610059132
59 38 9959.506402075
60 38 164435.534055374
76 38 329.824918058
77 38 16.943498841
78 38 -3.000984912
79 38 35944.400992780
80 38 1826.607784119
81 38 -291.134931113
82 38 -1812.495479612
83 38 -107.231974123
84 38 -195.715204839
91 38 -19418.203712433
92 38 1326275.272026870
93 38 -9381.602751198
94 38 -18362.020622377
95 38 -56.594610680
96 38 33.548562561
1 39 -18335.129677778
2 39 -4218.677329897
3 39 -129977.911219652
4 39 -317429.871301174
5 39 -128132.594040474
6 39 120597.808594173
7 39 3775.070606233
8 39 39297.324090331
9 39 -178858.001157965
10 39 -988612.095575940
11 39 103526.277965665
12 39 -50275.199723089
13 39 6466.030493011
14 39 14938.703095539
15 39 -101634.677206986
16 39 -344808.303783898
17 39 -83748.224204125
18 39 -145721.863680758
19 39 17469.096198315
20 39 30341.435067676
21 39 -146277.412175884
22 39 -829215.259175030
23 39 198570.090408633
24 39 -131253.130746640
25 39 -962.126232958
26 39 27496.661078809
27 39 -132458.083612701
28 39 -609974.923618374
29 39 -64940.001341468
30 39 -48253.944796567
31 39 32926.378297359
32 39 -475094.334471669
33 39 -12288491.123018432
34 39 -957794.282277907
35 39 162103.014426613
36 39 -133992.015418093
37 39 -9607.409069695
38 39 -359117.833202872
39 39 23681257.086982232
40 39 8026087.941318470
41 39 -638861.105100063
42 39 669355.509844063
43 39 -24788.125838028
44 39 -180053.914329576
45 39 -6976573.707903244
46 39 -852106.177780483
47 39 188355.498825639
48 39 -131866.507294109
49 39 10095.839082385
50 39 24294.953897028
51 39 -119692.475171138
52 39 -552398.209293636
53 39 112930.426616312
54 39 -68721.173218394
55 39 -7244.653761103
56 39 16233.774609169
57 39 -122736.258747684
58 39 -402607.288020148
59 39 -129967.218236722
60 39 -907.477004988
76 39 391.812572427
77 39 18.287929050
78 39 -1.413245512
79 39 1277.433573641
80 39 -98.435609046
81 39 -11.583971237
82 39 -2635.513374008
83 39 -319.786481743
84 39 -0.453279309
91 39 -4339.095449391
92 39 9446.635234093
93 39 1326417.277828814
94 39 -670.681578442
95 39 3.276233480
96 39 -0.347819298
1 40 -160614.357288021
2 40 -24908.533792791
3 40 -367053.318833476
4 40 -2113194.915627971
5 40 -437852.547641509
6 40 1389332.493167981
7 40 190843.574528364
8 40 442543.912118822
9 40 -1012520.730595777
10 40 -10249614.243815446
11 40 3055895.574316961
12 40 -811747.044459563
13 40 128729.824167916
14 40 105060.671010059
15 40 -349656.425284185
16 40 -3180228.792151844
17 40 330574.610648932
18 40 -1479176.531374117
19 40 282956.653294491
20 40 363576.277519551
21 40 -830689.917205631
22 40 -8942324.110332718
23 40 3900220.660115968
24 40 -1411859.671487567
25 40 112910.496570240
26 40 275567.391612050
27 40 -613590.023033361
28 40 -5788497.763531350
29 40 745660.592767620
30 40 -1002331.376330800
31 40 297410.650886442
32 40 44606.940898900
33 40 -940549.228610100
34 40 -17556001.734906185
35 40 3529049.010173322
36 40 -1671595.195254226
37 40 -1385885.444087561
38 40 -1917235.494059039
39 40 8026087.941318465
40 40 72355622.634563521
41 40 -17770396.532128945
42 40 7560170.588122914
43 40 285449.004804218
44 40 117879.856984964
45 40 -839732.168250154
46 40 -13220915.112232985
47 40 3941799.164267128
48 40 -1382576.832261944
49 40 140789.927697128
50 40 220085.815836116
51 40 -540630.326580508
52 40 -5300573.072711486
53 40 1911648.005698679
54 40 -649990.691058933
55 40 -8325.008682962
56 40 119701.481941288
57 40 -400789.748152546
58 40 -2861436.258454515
59 40 -554098.127613386
60 40 -205927.929088563
76 40 955566.459708060
77 40 49198.497695469
78 40 -3164.120657214
79 40 415696.703382765
80 40 21402.682545719
81 40 -1376.156001437
82 40 -538555.387178904
83 40 -27728.095325164
84 40 1785.167604398
91 40 -5.548662398
92 40 0.494062769
93 40 -215.014857243
94 40 1296.626697845
95 40 505.414169084
96 40 -228.243263147
1 41 39623.973940161
2 41 28474.200134940
3 41 -107241.833853763
4 41 6841.829695291
5 41 -1305416.064312392
6 41 -388595.798996760
7 41 -218275.349546274
8 41 -171199.851859163
9 41 174167.649786267
10 41 3805560.774177186
11 41 -5209172.193644451
12 41 100004.749867375
13 41 -9277.145740509
14 41 12324.136380798
15 41 -66113.955554603
16 41 541578.244110900
17 41 -2665116.226209571
18 41 -708010.751576025
19 41 -167059.694385288
20 41 -158694.186529909
21 41 214031.427534772
22 41 4084586.021991697
23 41 -5413672.809927820
24 41 -379626.227024344
25 41 -218588.661072262
26 41 -69103.525626292
27 41 -55585.865767259
28 41 849628.890322247
29 41 -3726143.293719582
30 41 670489.688186969
31 41 155755.276578694
32 41 -162321.814551621
33 41 185402.269619223
34 41 3899367.810921697
35 41 -13264604.525909781
36 41 401810.736147501
37 41 492616.642886831
38 41 716459.686052448
39 41 -638861.105100060
40 41 -17770396.532128949
41 41 46960331.749189660
42 41 1763157.977460889
43 41 77996.599707231
44 41 -155344.049289192
45 41 189674.233066941
46 41 4035938.444475648
47 41 -9848369.083030744
48 41 -300320.852348172
49 41 -50098.002497590
50 41 -69564.614842238
51 41 100603.994579945
52 41 1809381.161524442
53 41 -2211793.884714780
54 41 -264944.998570801
55 41 -68898.049510944
56 41 6737.968385046
57 41 -125049.190483773
58 41 -524201.061538077
59 41 -1009945.282405747
60 41 378743.331153766
76 41 -49022.282333481
77 41 954734.464626400
78 41 40233.864144341
79 41 -21326.019021829
80 41 415334.249045609
81 41 17501.954476321
82 41 27629.134423113
83 41 -538087.961039386
84 41 -22687.114238269
91 41 1.732751732
92 41 -9.408322142
93 41 9.766770938
94 41 -514.937458897
95 41 1240.338536652
96 41 -2989.038831623
1 42 371807.889861540
2 42 126386.149776518
3 42 92948.482197095
4 42 1232654.073609116
5 42 -570628.561707488
6 42 -2379561.815601278
7 42 1286926.329041278
8 42 480958.620128391
9 42 -142041.724185289
10 42 -1563104.295106508
11 42 -170030.908784325
12 42 -11986537.114818780
13 42 303666.289257809
14 42 169275.321631013
15 42 -167519.756530215
16 42 -1577973.786815715
17 42 -948028.298910763
18 42 -2841847.880071513
19 42 1140974.140518941
20 42 371429.894844224
21 42 -159986.965764664
22 42 -1509336.588320418
23 42 -958255.394745147
24 42 -11141848.738336243
25 42 649538.332698523
26 42 221110.239070923
27 42 -54816.108328834
28 42 -1020476.444608828
29 42 544503.239483497
30 42 -5511768.101645247
31 42 1265938.000427279
32 42 416248.972145578
33 42 -138247.719977042
34 42 -1460303.380985409
35 42 -1008395.997370464
36 42 -19744250.606014583
37 42 -9556895.571332341
38 42 -2271763.441017740
39 42 669355.509844065
40 42 7560170.588122931
41 42 1763157.977460889
42 42 82104731.855135947
43 42 1181181.601281926
44 42 394428.691496901
45 42 -149212.141146064
46 42 -1449838.746919172
47 42 -1041050.269984810
48 42 -15659780.933639755
49 42 725699.611227701
50 42 235285.977451342
51 42 -42380.237583843
52 42 -401275.354741901
53 42 -333273.012955141
54 42 -6727736.766344714
55 42 349947.725095587
56 42 167169.271392285
57 42 -5220.811540544
58 42 -240990.753002378
59 42 367049.582472468
60 42 -2258316.292098810
76 42 -5228.475017889
77 42 40001.083349326
78 42 -956282.080785051
79 42 -2273.257710219
80 42 17401.853889986
81 42 -416057.460075857
82 42 2943.463831654
83 42 -22534.348885369
84 42 539031.933159885
91 42 10.345357905
92 42 2.477621303
93 42 -1.509291023
94 42 204.245803964
95 42 2989.283245904
96 42 1247.835761466
1 43 -193222.856291020
2 43 -74607.154241397
3 43 -42578.444438152
4 43 -363831.569957446
5 43 53695.882170919
6 43 865520.990512822
7 43 -430169429.335393727
8 43 -2986329828.396221638
9 43 4318816451.554064751
10 43 4938632875.170381546
11 43 87072884098.451400757
12 43 60700036478.890098572
13 43 -6296526416.690659523
14 43 -2804122692.143036366
15 43 -1956328582.741593122
16 43 45583680363.698036194
17 43 -114101480314.054077148
18 43 16838107950.272186279
19 43 -9463967.574510228
20 43 -26011447.463672433
21 43 32118484.803998206
22 43 98848573.614656225
23 43 552237654.374430180
24 43 476368423.688255072
25 43 -255107.286283479
26 43 -90580.661767244
27 43 11368.021482422
28 43 267196.215486901
29 43 -222276.446725883
30 43 1676860.583122801
31 43 -262768.224649796
32 43 -87560.849833099
33 43 33654.025769509
34 43 439565.802602768
35 43 -91201.987326347
36 43 1883855.337139029
37 43 -7001047.400062966
38 43 -26491.620162664
39 43 -24788.125838028
40 43 285449.004804218
41 43 77996.599707231
42 43 1181181.601281926
43 43 6757381212.603434563
44 43 5704955855.938411713
45 43 -2230841696.726689339
46 43 -48929825450.846740723
47 43 27547568178.795803070
48 43 -77444767658.117614746
49 43 -3294322.703942452
50 43 -700750.812919651
51 43 777156.585242685
52 43 10699257.380952828
53 43 1246402.871739637
54 43 6547470.573145341
55 43 -479885.498251319
56 43 -578355.587996825
57 43 643348.763870704
58 43 8203124.306386647
59 43 1035551.101085594
60 43 5277269.601703401
79 43 94.734304553
80 43 -1850.549845502
81 43 395.839207120
82 43 1794.593414044
83 43 -35658.242076975
84 43 3374.403863232
85 43 139.435466396
86 43 -2032.566280124
87 43 1431.566454499
91 43 883147.788178797
92 43 -5496.188392759
93 43 -6380.835270014
94 43 -6.454987249
95 43 11063.603762205
96 43 574.420465574
1 44 -44744.090584556
2 44 -100254.114970009
3 44 20846.397014398
4 44 56012.929667429
5 44 131862.617522437
6 44 325522.564457948
7 44 -478406709.231371403
8 44 -3324295380.041780472
9 44 4807797248.533060074
10 44 5496701777.379780769
11 44 96932463426.582244873
12 44 67568911390.444252014
13 44 -5229346138.121314049
14 44 -2091263650.467912197
15 44 -2003298934.509534836
16 44 36814005369.655082703
17 44 -101439193581.047958374
18 44 9793232382.897304535
19 44 -10291166.297645653
20 44 -28968155.623052325
21 44 35787818.708126165
22 44 110287711.755662769
23 44 614746144.634220123
24 44 528660566.418688118
25 44 -90501.062401267
26 44 -119012.052569633
27 44 60596.353722184
28 44 628492.451085528
29 44 -118121.228732423
30 44 754653.626619429
31 44 -86993.063094192
32 44 -115718.055090319
33 44 58996.430915546
34 44 628151.844968683
35 44 -155095.791682614
36 44 776573.217374822
37 44 -66788.716621750
38 44 -6882660.041536679
39 44 -180053.914329576
40 44 117879.856984964
41 44 -155344.049289192
42 44 394428.691496901
43 44 5704955855.938411713
44 44 5372330647.090289116
45 44 -2738367119.008628845
46 44 -41424477871.357269287
47 44 4644972049.343074799
48 44 -77217374351.233016968
49 44 -732480.306232077
50 44 -4542174.490655606
51 44 2288354.698058859
52 44 28987685.883275695
53 44 4769195.595262560
54 44 12524718.837384269
55 44 -582195.009391499
56 44 -1433350.750830276
57 44 1868388.982792740
58 44 22669096.465094827
59 44 4184698.479897230
60 44 9747773.848060569
79 44 1848.221112715
80 44 88.422427687
81 44 199.271867916
82 44 35626.049223766
83 44 1756.017996178
84 44 114.092758412
85 44 2024.365806913
86 44 124.143596040
87 44 -147.870198182
91 44 5566.659699852
92 44 883047.546127951
93 44 -719.096481225
94 44 -11067.566850229
95 44 -3.567050326
96 44 90.249201987
1 45 -43175.559360472
2 45 -6392.293334164
3 45 -222413.130562289
4 45 -723331.329238322
5 45 -404953.892600994
6 45 288143.388045524
7 45 325063509.864695609
8 45 2260238667.193080425
9 45 -3269305684.876725674
10 45 -3737559931.033867836
11 45 -65911178536.753295898
12 45 -45941954874.796569824
13 45 1926569950.312905073
14 45 478872948.828120530
15 45 1202305984.449724913
16 45 -12281916106.022476196
17 45 45560528328.221572876
18 45 1533544970.459484339
19 45 6957365.299573273
20 45 19677693.210682914
21 45 -24537189.732599478
22 45 -76201670.234246641
23 45 -417890815.877667248
24 45 -359087218.227658570
25 45 13714.846529251
26 45 64378.589992629
27 45 -232694.702926870
28 45 -1439696.742791671
29 45 -27482.757129902
30 45 -168383.942476971
31 45 35777.084078606
32 45 57164.038748120
33 45 -218023.589336883
34 45 -1445024.005627734
35 45 201859.370788970
36 45 -296250.824097075
37 45 65854.880762575
38 45 243978.650340489
39 45 -6976573.707903244
40 45 -839732.168250154
41 45 189674.233066941
42 45 -149212.141146064
43 45 -2230841696.726689339
44 45 -2738367119.008628845
45 45 2110675418.897944450
46 45 16246119841.299442291
47 45 20660792053.380653381
48 45 44284853407.200508118
49 45 1004029.612554491
50 45 2538588.402417366
51 45 -6230523.080077912
52 45 -41845557.130016863
53 45 -7158324.155099533
54 45 -16986191.505688358
55 45 665984.297904905
56 45 1908975.823116584
57 45 -2828786.322879154
58 45 -32875832.414386101
59 45 -6449821.145570932
60 45 -12720042.122292859
79 45 405.863957709
80 45 237.289390554
81 45 -1.541593277
82 45 3743.119988261
83 45 628.099916142
84 45 -31.149027930
85 45 1618.674723638
86 45 -50.254946202
87 45 -14.950747082
91 45 6306.655501136
92 45 694.803715873
93 45 882925.300285011
94 45 -540.194971552
95 45 -112.784086349
96 45 -2.174443169
1 46 -383268.002244889
2 46 -82041.394309314
3 46 -851038.827913954
4 46 -5074178.249001858
5 46 -1373118.558557512
6 46 3217508.918858144
7 46 3116430056.258001804
8 46 21652316703.505279541
9 46 -31315600207.639339447
10 46 -35826294382.625839233
11 46 -631319543844.726074219
12 46 -440087127982.764770508
13 46 45682465460.344108582
14 46 20348961869.729976654
15 46 14186603099.541852951
16 46 -330749269817.852783203
17 46 827731185347.858764648
18 46 -122234186739.828338623
19 46 66817547.962550655
20 46 188612052.956336319
21 46 -234385608.396230519
22 46 -731995509.088569283
23 46 -3999424443.217075348
24 46 -3439986714.303740025
25 46 272364.737645295
26 46 640454.847216028
27 46 -1446872.865369870
28 46 -14267212.544724755
29 46 2600481.284933573
30 46 -1910330.994040647
31 46 463891.035025011
32 46 632013.189438362
33 46 -1451755.553314620
34 46 -15597179.169117454
35 46 5059679.063163872
36 46 -2935054.083780845
37 46 292835.011544410
38 46 139383.442146815
39 46 -852106.177780483
40 46 -13220915.112232985
41 46 4035938.444475648
42 46 -1449838.746919172
43 46 -48929825450.846748352
44 46 -41424477871.357276917
45 46 16246119841.299449921
46 46 355847680287.865539551
47 46 -200060916089.247863770
48 46 561833919504.665893555
49 46 11399488.045991661
50 46 29687984.452057190
51 46 -41069631.534616426
52 46 -499730756.170614541
53 46 -95430176.215292990
54 46 -209751946.631490856
55 46 8683183.221023975
56 46 22921738.121925503
57 46 -32288661.183131203
58 46 -401815229.393320441
59 46 -53517985.653255098
60 46 -148077161.388481975
79 46 534066.955111913
80 46 26062.672420856
81 46 -5247.913770410
82 46 360679.335249375
83 46 17601.245650611
84 46 -3544.839541365
85 46 -187604.097864967
86 46 -9155.313064727
87 46 1844.456655760
91 46 33.166200128
92 46 -178.146943109
93 46 306.006338119
94 46 883.107048559
95 46 -44.446159442
96 46 405.160639069
1 47 60174.813113120
2 47 66565.108861876
3 47 -378917.693566980
4 47 -540616.272923248
5 47 -2929298.061535439
6 47 -952210.965783580
7 47 2269280835.393904686
8 47 15804140317.915674210
9 47 -22862151275.815387726
10 47 -26081940957.084877014
11 47 -461029934721.847595215
12 47 -321287746415.883911133
13 47 -29154852319.575569153
14 47 -21328431243.063735962
15 47 4230978051.550366879
16 47 247748059417.996154785
17 47 -294006888910.071716309
18 47 225097053651.072265625
19 47 48220579.712208182
20 47 136880720.321988851
21 47 -169551176.579902321
22 47 -514336874.975213706
23 47 -2932430306.469442368
24 47 -2510383712.008327007
25 47 -187598.604174483
26 47 -106437.864482434
27 47 -17700.500063511
28 47 2686950.538571258
29 47 -5596550.046751799
30 47 -275271.146767511
31 47 -126202.194023961
32 47 -172135.072353461
33 47 218798.635175844
34 47 5211416.167343203
35 47 -7246843.915338718
36 47 -1223116.467251980
37 47 112484.585120035
38 47 -142237.790007149
39 47 188355.498825639
40 47 3941799.164267128
41 47 -9848369.083030744
42 47 -1041050.269984810
43 47 27547568178.795795441
44 47 4644972049.343065262
45 47 20660792053.380653381
46 47 -200060916089.247833252
47 47 767585954444.055541992
48 47 94214518344.490692139
49 47 2081626.798095723
50 47 5354250.856256968
51 47 -7144695.111313568
52 47 -97013507.424687952
53 47 -8383691.231138420
54 47 -31971457.678203702
55 47 496587.132661035
56 47 4006875.565684128
57 47 -6625209.289686535
58 47 -56875121.877340890
59 47 -55318639.808807842
60 47 -38458564.627304368
79 47 -26002.168412460
80 47 534061.196987972
81 47 6141.152332128
82 47 -17560.553434218
83 47 360676.239702811
84 47 4154.441848725
85 47 9133.885514465
86 47 -187602.136179925
87 47 -2151.170844841
91 47 184.152759528
92 47 39.339134781
93 47 -35.966199587
94 47 37.094778720
95 47 874.890683798
96 47 1015.613140342
1 48 937394.070875409
2 48 539271.856226233
3 48 265913.270730823
4 48 3297834.934785640
5 48 -1405983.018366572
6 48 -7164743.794980871
7 48 7462152754.199420929
8 48 51852235087.369316101
9 48 -74993372992.170211792
10 48 -85717042559.891555786
11 48 -1512026570506.598876953
12 48 -1053982285068.067382812
13 48 70163615867.387451172
14 48 26016539627.905170441
15 48 30130848947.850772858
16 48 -484965139179.775268555
17 48 1418369533899.061523438
18 48 -95399308684.801452637
19 48 161160123.961934924
20 48 450709722.940234721
21 48 -557355831.893280745
22 48 -1710448910.262116671
23 48 -9593636371.084341049
24 48 -8254514000.079957008
25 48 1694876.074224414
26 48 754985.998113594
27 48 -146617.248761395
28 48 -1847098.657680503
29 48 81892.793745542
30 48 -15744005.199432785
31 48 1872270.492671158
32 48 765599.624559479
33 48 -279880.302614484
34 48 -2637911.048848303
35 48 -1599948.870638079
36 48 -18835387.847843751
37 48 1197959.695836787
38 48 392480.163699546
39 48 -131866.507294109
40 48 -1382576.832261944
41 48 -300320.852348172
42 48 -15659780.933639755
43 48 -77444767658.117614746
44 48 -77217374351.233047485
45 48 44284853407.200508118
46 48 561833919504.665893555
47 48 94214518344.490676880
48 48 1146741503281.829833984
49 48 6874877.750484573
50 48 12069357.421448775
51 48 -15254601.391579289
52 48 -197000286.030754268
53 48 -20508456.446825016
54 48 -99574949.621172518
55 48 4911636.002994491
56 48 9454903.727319680
57 48 -12363130.129724137
58 48 -141454839.576139480
59 48 -45375934.022398375
60 48 -84273836.040517628
79 48 -5539.254373671
80 48 5868.002515061
81 48 -534823.836822309
82 48 -3739.305816572
83 48 3957.611950086
84 48 -361250.908717857
85 48 1945.400872174
86 48 -2071.088576938
87 48 187909.729560773
91 48 -47.709857715
92 48 1.283545962
93 48 -8.521095642
94 48 -407.734035207
95 48 -1011.623775515
96 48 865.494668137
1 49 -105434.287595340
2 49 -10903.087365889
3 49 4173.971312048
4 49 10369.949163035
5 49 34660.728846317
6 49 130620.358678567
7 49 -229240.743508794
8 49 -66009.491992696
9 49 10802.659868493
10 49 189628.870830473
11 49 -188530.479411433
12 49 1277600.091424189
13 49 -79477.518962896
14 49 -6038.945984547
15 49 2136.493282831
16 49 8170.303651110
17 49 20652.702555001
18 49 104318.433796177
19 49 -143649.333869133
20 49 -30801.244438350
21 49 13714.521156499
22 49 146794.610437415
23 49 17247.052605284
24 49 684408.467243601
25 49 -124209.103548094
26 49 -27366.775147354
27 49 -6209.354459065
28 49 9459.654887419
29 49 -103337.623513712
30 49 453969.782690504
31 49 -149971.406899580
32 49 -30899.771025989
33 49 11255.487051489
34 49 142104.683872485
35 49 -27742.853546901
36 49 808964.062474545
37 49 -140997.173706452
38 49 -26323.515281127
39 49 10095.839082385
40 49 140789.927697128
41 49 -50098.002497590
42 49 725699.611227701
43 49 -3294322.703942452
44 49 -732480.306232077
45 49 1004029.612554491
46 49 11399488.045991661
47 49 2081626.798095723
48 49 6874877.750484573
49 49 13784985.769740153
50 49 1325233.207010326
51 49 -1294163.955245095
52 49 -21678777.988059439
53 49 4821345.414776621
54 49 -17675161.033358406
55 49 -5742658.686189756
56 49 -553881.397444893
57 49 566136.633812574
58 49 10042414.615848016
59 49 -6064235.759341441
60 49 3613892.960384253
82 49 46.261755873
83 49 -857.519036065
84 49 -571.931712863
85 49 -809.216045920
86 49 17418.456908984
87 49 -2397.155268217
88 49 57.519145391
89 49 -1750.430336064
90 49 795.858645348
91 49 -446717.454772168
92 49 -5528.037238862
93 49 -11385.474527802
94 49 -23.428684532
95 49 9676.032201138
96 49 299.232547928
1 50 -1815.754382492
2 50 -51379.128967964
3 50 5899.737687281
4 50 -5326.513559934
5 50 14407.971029581
6 50 8373.062454441
7 50 -51837.945037543
8 50 -99290.551728184
9 50 56180.298553594
10 50 519075.329453524
11 50 -52973.604891725
12 50 485237.127470847
13 50 -2496.556872251
14 50 -42179.326525785
15 50 10353.041364892
16 50 14478.082582797
17 50 14230.322807704
18 50 8734.920443643
19 50 -28273.672151928
20 50 -71424.786370599
21 50 18901.360709428
22 50 149191.392901645
23 50 -47263.248917013
24 50 247452.500758266
25 50 -25860.794915439
26 50 -73054.550363924
27 50 25160.462280447
28 50 177943.522235329
29 50 9953.973712157
30 50 228451.979225415
31 50 -28697.362284819
32 50 -64420.777676593
33 50 25697.672054536
34 50 237251.820861514
35 50 -58143.396636141
36 50 274976.985854831
37 50 -26015.160986460
38 50 -59561.520768470
39 50 24294.953897028
40 50 220085.815836116
41 50 -69564.614842238
42 50 235285.977451342
43 50 -700750.812919651
44 50 -4542174.490655606
45 50 2538588.402417366
46 50 29687984.452057190
47 50 5354250.856256968
48 50 12069357.421448775
49 50 1325233.207010326
50 50 13555487.620023100
51 50 -4313252.705822778
52 50 -51432842.450255305
53 50 -6066830.873881729
54 50 -21958962.584093731
55 50 -462767.312622066
56 50 -6319234.289855898
57 50 1611416.507323874
58 50 20678980.407899905
59 50 1379903.385581484
60 50 7328954.284400787
82 50 873.836914171
83 50 41.218397854
84 50 -25.968426321
85 50 -17334.799878568
86 50 -854.221031364
87 50 358.592475631
88 50 1723.810109875
89 50 66.931816878
90 50 -54.944741205
91 50 5410.832076149
92 50 -446704.717211785
93 50 -5248.934037631
94 50 -9674.788237090
95 50 -22.466675694
96 50 -120.092677005
1 51 -4487.990598823
2 51 -2474.004307048
3 51 -110224.620242544
4 51 -154589.109095423
5 51 -36644.296740372
6 51 -1654.724073101
7 51 -15169.086065521
8 51 45491.973251885
9 51 -209397.710967176
10 51 -1105373.070361916
11 51 -92491.856274086
12 51 25313.957612727
13 51 -3893.104954183
14 51 6600.561277236
15 51 -90169.732216833
16 51 -197723.334575136
17 51 -31011.924654583
18 51 -12238.192822883
19 51 4218.934687765
20 51 12486.895020594
21 51 -125358.107708684
22 51 -472770.128608338
23 51 81228.617580370
24 51 -50648.080853921
25 51 -11517.401491985
26 51 22599.340362001
27 51 -133716.528934391
28 51 -490187.541439150
29 51 -168390.763930105
30 51 4429.347431243
31 51 4722.303155102
32 51 19025.418886150
33 51 -132760.752296536
34 51 -646065.091179592
35 51 71451.527209388
36 51 -40125.406318430
37 51 5014.322066484
38 51 23757.149952561
39 51 -119692.475171138
40 51 -540630.326580508
41 51 100603.994579945
42 51 -42380.237583843
43 51 777156.585242685
44 51 2288354.698058859
45 51 -6230523.080077912
46 51 -41069631.534616426
47 51 -7144695.111313568
48 51 -15254601.391579289
49 51 -1294163.955245095
50 51 -4313252.705822778
51 51 18265662.827900644
52 51 72711580.069721967
53 51 15132733.125657147
54 51 27745563.702728439
55 51 329125.626929773
56 51 1577444.987132836
57 51 -7497137.931374149
58 51 -26033835.110808223
59 51 -8559119.099438384
60 51 -10718154.302092340
82 51 -546.672484176
83 51 -61.567513981
84 51 -7.540262394
85 51 -3170.633493881
86 51 416.237801755
87 51 -17.283283142
88 51 796.868387648
89 51 -24.293265356
90 51 8.019821862
91 51 11380.202948837
92 51 5211.147531319
93 51 -446723.435415621
94 51 -300.258223902
95 51 124.377968999
96 51 -1.153946850
1 52 -8990.404858498
2 52 -25367.337805401
3 52 -157273.795028010
4 52 -503321.529981439
5 52 -78830.106482071
6 52 84982.193015595
7 52 44547.414778184
8 52 466038.549883225
9 52 -1150004.296353854
10 52 -10257825.980815465
11 52 375402.462410495
12 52 -533147.281066016
13 52 -1831.509576452
14 52 9670.229683160
15 52 -202075.716859925
16 52 -1427772.515162939
17 52 -15176.071662595
18 52 12818.892710228
19 52 103172.179619564
20 52 129677.090640232
21 52 -482072.004629319
22 52 -4506109.582661386
23 52 1919940.090732928
24 52 -285031.711899775
25 52 -7488.120739967
26 52 168350.925017320
27 52 -496912.606496671
28 52 -3695838.367506532
29 52 -762669.909633145
30 52 -337530.320583953
31 52 109861.088975849
32 52 217620.154959832
33 52 -659358.203646025
34 52 -6240040.391210730
35 52 1673924.135278473
36 52 -485965.235945838
37 52 110401.762805769
38 52 211088.125115095
39 52 -552398.209293636
40 52 -5300573.072711486
41 52 1809381.161524442
42 52 -401275.354741901
43 52 10699257.380952828
44 52 28987685.883275695
45 52 -41845557.130016863
46 52 -499730756.170614541
47 52 -97013507.424687952
48 52 -197000286.030754268
49 52 -21678777.988059442
50 52 -51432842.450255305
51 52 72711580.069721997
52 52 941928617.854571462
53 52 -10196807.272405459
54 52 290656355.218587518
55 52 8880111.657303346
56 52 20025385.551633131
57 52 -26409656.240964193
58 52 -412943843.726437151
59 52 94211197.017612353
60 52 -69386890.215528607
82 52 177938.211735104
83 52 8334.859747034
84 52 2115.192344259
85 52 -203515.481898347
86 52 -9532.830655527
87 52 -2419.939139629
88 52 -362345.264443893
89 52 -16972.712609277
90 52 -4308.476692223
91 52 -52.887174165
92 52 1446.210151577
93 52 -292.792980405
94 52 -5059.394932727
95 52 75.657490797
96 52 -444.835398350
1 53 38880.375436104
2 53 16923.801253598
3 53 -52166.018303438
4 53 -152780.151493421
5 53 -660482.057492248
6 53 -252755.367016948
7 53 -226204.659895611
8 53 -101205.038728880
9 53 -16713.562898305
10 53 1132639.746031357
11 53 -3000330.553533181
12 53 1146656.532839905
13 53 18546.029025588
14 53 13660.924655984
15 53 -22445.273520532
16 53 73628.816824392
17 53 -704547.257348364
18 53 -308050.360511935
19 53 122.855545251
20 53 -57893.395799631
21 53 100516.802936204
22 53 2101053.825216924
23 53 -2432185.748884961
24 53 -719031.813225067
25 53 -115415.984485817
26 53 3285.850491817
27 53 -167070.176897264
28 53 -732012.112449638
29 53 -1430755.694070374
30 53 666889.041213648
31 53 -61508.162485887
32 53 -75392.830995608
33 53 92410.213770134
34 53 1867925.601331325
35 53 -2540569.252951532
36 53 -86729.372626802
37 53 -41638.776533355
38 53 -70875.739984350
39 53 112930.426616312
40 53 1911648.005698679
41 53 -2211793.884714780
42 53 -333273.012955141
43 53 1246402.871739637
44 53 4769195.595262560
45 53 -7158324.155099533
46 53 -95430176.215292990
47 53 -8383691.231138420
48 53 -20508456.446825016
49 53 4821345.414776634
50 53 -6066830.873881755
51 53 15132733.125657175
52 53 -10196807.272405168
53 53 385268813.297219038
54 53 148494659.585921943
55 53 -5188808.619145151
56 53 1618972.344367209
57 53 -8093906.412568013
58 53 99918853.713500321
59 53 -358870027.484483242
60 53 -129151982.121869385
82 53 -8402.594281453
83 53 177844.247714328
84 53 6072.280690625
85 53 9610.379235328
86 53 -203407.618374478
87 53 -6943.213836343
88 53 17110.607013173
89 53 -362153.445097090
90 53 -12362.908145984
91 53 -1449.558008204
92 53 -54.065242469
93 53 -89.137138514
94 53 -78.724860872
95 53 -5057.998209781
96 53 51.569175897
1 54 140998.313152129
2 54 19899.731148742
3 54 -36300.229351973
4 54 -96936.805186218
5 54 -329947.649013670
6 54 -393787.138079619
7 54 1276355.613060496
8 54 550048.812634744
9 54 -106586.114833848
10 54 -1551128.592528738
11 54 769226.839522161
12 54 -11155328.135431891
13 54 104763.201411714
14 54 11658.860685347
15 54 -21954.195585553
16 54 -30626.674337553
17 54 -316597.203918554
18 54 -378087.581149860
19 54 687385.135541062
20 54 260544.995951259
21 54 -94354.631373004
22 54 -587767.419747220
23 54 -908121.733553289
24 54 -6394621.561405132
25 54 452584.217883224
26 54 235751.790886551
27 54 -19827.424855966
28 54 -475447.519455449
29 54 562814.538116738
30 54 -3234964.851753512
31 54 805932.341044339
32 54 284647.051192124
33 54 -78397.182076951
34 54 -701467.634610439
35 54 -438591.171354368
36 54 -7356953.420128400
37 54 738746.047684685
38 54 244401.441189574
39 54 -68721.173218394
40 54 -649990.691058933
41 54 -264944.998570801
42 54 -6727736.766344714
43 54 6547470.573145341
44 54 12524718.837384269
45 54 -16986191.505688358
46 54 -209751946.631490856
47 54 -31971457.678203702
48 54 -99574949.621172518
49 54 -17675161.033358403
50 54 -21958962.584093712
51 54 27745563.702728420
52 54 290656355.218587160
53 54 148494659.585921645
54 54 262262348.518079311
55 54 4104858.390456245
56 54 7800084.679093474
57 54 -11205573.045620738
58 54 -81518790.323670223
59 54 -119287789.734498948
60 54 -116588237.399161875
82 54 1827.869815350
83 54 6158.728503709
84 54 -178103.874169465
85 54 -2088.961325184
86 54 -7047.099067509
87 54 203637.207983229
88 54 -3720.418178568
89 54 -12547.766125610
90 54 362660.127406941
91 54 -15.149391753
92 54 21.805335985
93 54 -2.110254219
94 54 445.919636383
95 54 -54.335776937
96 54 -5061.345135617
1 55 -194785.506663344
2 55 -79762.893448549
3 55 -21857.669104964
4 55 -128772.341159523
5 55 1792.048289447
6 55 691753.776232237
7 55 -171100.452976495
8 55 -42313.495292925
9 55 -6930.466023796
10 55 27538.180639140
11 55 -194419.600960288
12 55 615960.185529791
13 55 -97378.084800019
14 55 -13428.665455634
15 55 -447.908976139
16 55 25153.684529295
17 55 -30303.360418116
18 55 201220.232381351
19 55 -121568.749152448
20 55 -33090.255958827
21 55 -5226.432056371
22 55 -10111.832658411
23 55 -3240.541290381
24 55 360893.826297128
25 55 -148094.682101865
26 55 -35440.715301071
27 55 -11688.806141926
28 55 -4478.893113469
29 55 -155731.629953104
30 55 595255.257015065
31 55 -132210.539185200
32 55 -32521.602789693
33 55 -8978.183200402
34 55 -16619.976334845
35 55 -79352.022374029
36 55 525249.097561479
37 55 -112601.226026852
38 55 -19049.854886734
39 55 -7244.653761103
40 55 -8325.008682962
41 55 -68898.049510944
42 55 349947.725095587
43 55 -479885.498251319
44 55 -582195.009391499
45 55 665984.297904905
46 55 8683183.221023975
47 55 496587.132661035
48 55 4911636.002994491
49 55 -5742658.686189756
50 55 -462767.312622066
51 55 329125.626929773
52 55 8880111.657303346
53 55 -5188808.619145151
54 55 4104858.390456245
55 55 11257658.349716064
56 55 1184617.076177244
57 55 -923091.971791741
58 55 -17600044.656751573
59 55 5481751.836342697
60 55 -15226376.593835274
85 55 -72.108542924
86 55 1788.866397746
87 55 325.323147626
88 55 1398.483508864
89 55 -33832.249386055
90 55 -338.339533524
91 55 1272414.552688357
92 55 -2063.142070940
93 55 24671.496293751
94 55 -1.191508651
95 55 4456.475564126
96 55 72.817761843
1 56 -60525.261134055
2 56 -109550.139918269
3 56 27680.372735538
4 56 31939.434242516
5 56 150277.750862790
6 56 435669.222114153
7 56 -33053.374393552
8 56 -88152.248121510
9 56 39355.002483312
10 56 309027.294968404
11 56 7196.004916488
12 56 287406.276170714
13 56 -10059.129252885
14 56 -52837.974142849
15 56 19566.848134565
16 56 93104.472658938
17 56 15777.428040802
18 56 66169.258673494
19 56 -32462.777349853
20 56 -76704.323852714
21 56 12163.178821385
22 56 21627.979098822
23 56 43458.614508033
24 56 246631.005867653
25 56 -35735.573367626
26 56 -81405.243067107
27 56 29919.562122791
28 56 245679.964613672
29 56 7119.098074498
30 56 326564.330225753
31 56 -32118.572731110
32 56 -72276.902691828
33 56 22507.996127981
34 56 147712.038745842
35 56 24806.010779151
36 56 277738.484000277
37 56 -20899.575808361
38 56 -61186.174315612
39 56 16233.774609169
40 56 119701.481941288
41 56 6737.968385046
42 56 167169.271392285
43 56 -578355.587996825
44 56 -1433350.750830276
45 56 1908975.823116584
46 56 22921738.121925503
47 56 4006875.565684128
48 56 9454903.727319680
49 56 -553881.397444893
50 56 -6319234.289855898
51 56 1577444.987132836
52 56 20025385.551633131
53 56 1618972.344367209
54 56 7800084.679093474
55 56 1184617.076177245
56 56 10511649.497601569
57 56 -3772548.839321593
58 56 -44229469.574679025
59 56 -5846414.223390748
60 56 -18946842.920975119
85 56 -1799.281363748
86 56 -75.856896203
87 56 47.791968167
88 56 33821.169277205
89 56 1398.759573009
90 56 -167.510104933
91 56 2135.245528586
92 56 1272679.880543062
93 56 -2065.614032789
94 56 -4455.672877348
95 56 -0.324386230
96 56 -74.664474420
1 57 -20908.747146942
2 57 2964.012060130
3 57 -235414.932765610
4 57 -562027.721834706
5 57 -494152.250286564
6 57 35161.880929984
7 57 -20478.508647707
8 57 32802.831276065
9 57 -178538.419510144
10 57 -691572.337167740
11 57 -236197.717458241
12 57 33311.583141725
13 57 -4482.725873430
14 57 15134.621132805
15 57 -108612.337018259
16 57 -323882.094658724
17 57 -80089.404590754
18 57 -26718.784637993
19 57 -8975.624562971
20 57 6042.498678819
21 57 -138378.758919046
22 57 -329912.111971576
23 57 -202425.351598630
24 57 -14260.963151251
25 57 -12447.315122141
26 57 28262.971732052
27 57 -158502.579171663
28 57 -637633.013557309
29 57 -228989.187384575
30 57 2400.271035999
31 57 -9650.489677075
32 57 16466.542048238
33 57 -146764.926548561
34 57 -546229.172181400
35 57 -209346.082248691
36 57 4772.678357077
37 57 -6137.245924144
38 57 17337.171005560
39 57 -122736.258747684
40 57 -400789.748152546
41 57 -125049.190483773
42 57 -5220.811540544
43 57 643348.763870704
44 57 1868388.982792740
45 57 -2828786.322879154
46 57 -32288661.183131203
47 57 -6625209.289686535
48 57 -12363130.129724137
49 57 566136.633812574
50 57 1611416.507323874
51 57 -7497137.931374149
52 57 -26409656.240964193
53 57 -8093906.412568013
54 57 -11205573.045620738
55 57 -923091.971791741
56 57 -3772548.839321591
57 57 15509774.505464751
58 57 65199176.747662432
59 57 16365609.415675834
60 57 23446578.695930358
85 57 257.749913670
86 57 47.778904761
87 57 -0.176107521
88 57 913.414492118
89 57 72.301297764
90 57 -4.187009875
91 57 -24683.721369345
92 57 2125.496461348
93 57 1272673.496507045
94 57 -81.994319342
95 57 0.232368886
96 57 -1.172352275
1 58 -72462.881594124
2 58 14002.700212042
3 58 -654091.970625650
4 58 -2265560.192737382
5 58 -1987820.125624058
6 58 165038.833636979
7 58 -30066.877825086
8 58 287442.004221309
9 58 -715026.264611454
10 58 -5365328.109762319
11 58 -1215573.578054537
12 58 -378859.722846411
13 58 14245.572448448
14 58 87127.773959970
15 58 -332105.061577919
16 58 -2453407.588022918
17 58 -130198.396493959
18 58 -229572.131985662
19 58 -17063.272782753
20 58 12493.807176296
21 58 -330044.683487635
22 58 -1700455.741819509
23 58 -508550.499998692
24 58 -66962.878700871
25 58 -4182.379129466
26 58 243920.119324971
27 58 -643362.977548509
28 58 -4942860.161098737
29 58 -1055633.030953335
30 58 -524015.637002114
31 58 -13358.911037758
32 58 140411.357541215
33 58 -549417.015325991
34 58 -3993440.082020480
35 58 -863993.763432686
36 58 -302177.355722506
37 58 -2188.167015604
38 58 122607.610059132
39 58 -402607.288020148
40 58 -2861436.258454515
41 58 -524201.061538077
42 58 -240990.753002378
43 58 8203124.306386647
44 58 22669096.465094827
45 58 -32875832.414386101
46 58 -401815229.393320441
47 58 -56875121.877340890
48 58 -141454839.576139480
49 58 10042414.615848016
50 58 20678980.407899905
51 58 -26033835.110808223
52 58 -412943843.726437151
53 58 99918853.713500321
54 58 -81518790.323670223
55 58 -17600044.656751577
56 58 -44229469.574679025
57 58 65199176.747662477
58 58 844427338.304567456
59 58 -34877643.878820024
60 58 220782588.401914239
85 58 391254.054950572
86 58 16011.509375277
87 58 -2498.210356457
88 58 362457.439113510
89 58 14833.040622328
90 58 -2314.333838441
91 58 39.713411042
92 58 -1174.754009521
93 58 38.325185674
94 58 3597.376872982
95 58 -120.369863188
96 58 343.156043158
1 59 -49550.563806304
2 59 27737.270692992
3 59 -531424.282422006
4 59 -1790684.461721720
5 59 -2618541.916026057
6 59 -17186.186684383
7 59 -215238.548804550
8 59 -19220.831999190
9 59 -204422.131660402
10 59 -899899.355467745
11 59 -1737638.457778600
12 59 1283728.763636311
13 59 -37732.333124083
14 59 9190.645177035
15 59 -66630.823975964
16 59 9641.127185873
17 59 -1261016.511574175
18 59 -162588.994445838
19 59 -17485.258083817
20 59 31492.978656018
21 59 -202156.196529586
22 59 -487791.204626352
23 59 -1512865.059235324
24 59 -219870.022471604
25 59 -165111.251658125
26 59 3719.867460054
27 59 -231564.755201693
28 59 -1057932.631347537
29 59 -1776166.331937338
30 59 993250.860374019
31 59 -103747.719580144
32 59 9506.270896417
33 59 -209731.332680457
34 59 -849681.339671390
35 59 -1655354.426452593
36 59 614887.463088860
37 59 -67839.216046143
38 59 9959.506402075
39 59 -129967.218236722
40 59 -554098.127613386
41 59 -1009945.282405747
42 59 367049.582472468
43 59 1035551.101085594
44 59 4184698.479897230
45 59 -6449821.145570932
46 59 -53517985.653255098
47 59 -55318639.808807842
48 59 -45375934.022398375
49 59 -6064235.759341441
50 59 1379903.385581484
51 59 -8559119.099438384
52 59 94211197.017612353
53 59 -358870027.484483242
54 59 -119287789.734498948
55 59 5481751.836342702
56 59 -5846414.223390716
57 59 16365609.415675834
58 59 -34877643.878820337
59 59 428365600.261500299
60 59 164745447.977094710
85 59 -15913.797172912
86 59 391021.961602402
87 59 13816.394492265
88 59 -14742.523348029
89 59 362242.391644241
90 59 12802.643991640
91 59 1170.337250723
92 59 37.494717005
93 59 85.467837305
94 59 123.199439366
95 59 3602.276700983
96 59 -156.902856047
1 60 713874.414735915
2 60 529491.971259449
3 60 -24158.548540085
4 60 333172.939069039
5 60 -782823.654709361
6 60 -4405036.373024678
7 60 608661.179434512
8 60 314274.289770519
9 60 -19217.811711923
10 60 -728732.593480490
11 60 1117448.147428659
12 60 -4170489.842517159
13 60 199041.218902516
14 60 70899.849616831
15 60 -37666.228270943
16 60 -273774.930751457
17 60 -210759.406531109
18 60 -1002054.916545777
19 60 359353.941502139
20 60 248735.313530799
21 60 -33574.778383662
22 60 -113113.961105571
23 60 -325072.030871258
24 60 -2278746.026174063
25 60 597060.890325719
26 60 327866.144678155
27 60 -4607.383881891
28 60 -536685.988608101
29 60 922433.790890982
30 60 -4385969.702411213
31 60 520209.403295831
32 60 278215.148399773
33 60 -9147.323447066
34 60 -294362.516394283
35 60 405239.658894853
36 60 -3728628.163072465
37 60 353343.949768493
38 60 164435.534055374
39 60 -907.477004988
40 60 -205927.929088563
41 60 378743.331153766
42 60 -2258316.292098810
43 60 5277269.601703401
44 60 9747773.848060569
45 60 -12720042.122292859
46 60 -148077161.388481975
47 60 -38458564.627304368
48 60 -84273836.040517628
49 60 3613892.960384253
50 60 7328954.284400787
51 60 -10718154.302092340
52 60 -69386890.215528607
53 60 -129151982.121869385
54 60 -116588237.399161875
55 60 -15226376.593835266
56 60 -18946842.920975082
57 60 23446578.695930328
58 60 220782588.401913762
59 60 164745447.977094710
60 60 229139366.434733063
85 60 -3059.885074712
86 60 13710.864404629
87 60 -391449.293099481
88 60 -2834.483996561
89 60 12693.624143145
90 60 -362663.088314884
91 60 47.257358430
92 60 2.617851623
93 60 3.365114615
94 60 -342.798700041
95 60 161.134501537
96 60 3595.454715145
1 61 -68.067252179
2 61 -101744.782383245
3 61 -1117.170201026
4 61 -70303.750527241
5 61 29.734668804
6 61 1491.149375825
7 61 19.385531309
8 61 1778.568249247
9 61 149.450739922
10 61 70258.740735935
11 61 -468.406754223
12 61 -2887.310038147
61 61 731448.250172123
62 61 0.031813315
63 61 -7.177503749
64 61 22553.029688576
65 61 0.011889805
66 61 -0.451471162
91 61 -101.531954583
92 61 35.650253262
93 61 120.024183158
94 61 10288.968541573
95 61 255.493862493
96 61 -551.528826480
1 62 101706.988956923
2 62 -42.102924092
3 62 -3027.374780114
4 62 -35.871964200
5 62 -70318.836359329
6 62 -285.386272718
7 62 -1812.619873378
8 62 29.385716285
9 62 -722.153941862
10 62 522.833348555
11 62 70305.208423752
12 62 1314.961759561
61 62 0.031813315
62 62 731448.107031548
63 62 -1.272649584
64 62 -0.001734330
65 62 22553.029126538
66 62 -0.123912234
91 62 -59.643097936
92 62 -109.430651230
93 62 -364.886481032
94 62 -257.192829008
95 62 10305.125497611
96 62 -7.785801430
1 63 -713.142307279
2 63 -834.586694780
3 63 13.025571562
4 63 1509.987219161
5 63 -283.711713819
6 63 70611.291628780
7 63 110.095298808
8 63 -782.460886523
9 63 -20.453013344
10 63 -2903.037311231
11 63 1337.602225385
12 63 -70555.638306600
61 63 -7.177503749
62 63 -1.272649584
63 63 731839.030829291
64 63 3.028591632
65 63 -0.774943403
66 63 22455.257478900
91 63 -1.120676493
92 63 -2.960817923
93 63 -1.693207248
94 63 -574.005045937
95 63 -23.215257786
96 63 -10522.572828237
1 64 -88.827344099
2 64 329.746495790
3 64 -449.888412171
4 64 -70524.408672676
5 64 29.821028506
6 64 1506.546281961
7 64 209.538601593
8 64 18976.994533768
9 64 -106.863452048
10 64 -801448.770023942
11 64 5342.064356096
12 64 33021.548742136
13 64 104.870492363
14 64 4931.570439242
15 64 616.056515497
16 64 872283.080871013
17 64 -17489.509445709
18 64 -19995.948661418
61 64 22553.029688576
62 64 -0.001734330
63 64 3.028591632
64 64 874340.124398687
65 64 0.009590288
66 64 -0.899279357
67 64 75495.252757088
68 64 0.010071274
69 64 -0.431556404
91 64 445.805644784
92 64 -37.283430512
93 64 357.141612765
94 64 -1991.717033188
95 64 -4.654236691
96 64 390.686742044
1 65 -346.265149175
2 65 -76.413851816
3 65 -854.274582638
4 65 -36.024107969
5 65 -70539.946483237
6 65 -288.484245114
7 65 -18963.537739849
8 65 216.622247831
9 65 591.076420054
10 65 -5962.854402451
11 65 -801985.054659070
12 65 -14980.631315603
13 65 -4956.403094870
14 65 98.215748015
15 65 -874.033787281
16 65 17603.056548889
17 65 872497.446464465
18 65 4765.089837032
61 65 0.011889805
62 65 22553.029126538
63 65 -0.774943403
64 65 0.009590288
65 65 874340.218281802
66 65 -3.369056456
67 65 -0.003755699
68 65 75495.330331284
69 65 0.396710751
91 65 30.430740064
92 65 424.891435024
93 65 -99.290821164
94 65 11.646978932
95 65 -2010.618174230
96 65 190.691517444
1 66 -309.852200800
2 66 -860.346174103
3 66 3.910154359
4 66 1512.164425251
5 66 -283.926929816
6 66 70871.133586243
7 66 -586.925639552
8 66 -197.240424259
9 66 20.425694789
10 66 32913.847090772
11 66 -15216.834672023
12 66 801203.534931850
13 66 563.957504668
14 66 -993.354916934
15 66 -19.547453285
16 66 -19903.388156323
17 66 5167.008672170
18 66 -872669.267586437
61 66 -0.451471162
62 66 -0.123912234
63 66 22455.257478900
64 66 -0.899279357
65 66 -3.369056456
66 66 874844.572832305
67 66 0.679760480
68 66 0.762217654
69 66 75474.589906401
91 66 2.763469330
92 66 -2.088381531
93 66 -2.180841557
94 66 407.259410864
95 66 194.999209954
96 66 2229.667735392
7 67 133.688191422
8 67 2432.566025828
9 67 -992.711254268
10 67 -929404.127150545
11 67 6194.672578449
12 67 38311.921093337
13 67 -1443.027661676
14 67 -62431.009676144
15 67 -1125.252769054
16 67 -94773.001622104
17 67 1900.251489260
18 67 2160.716922178
19 67 -259.601598502
20 67 -6370.955975820
21 67 -476.199996841
22 67 1024051.489263967
23 67 -41638.918423834
24 67 -16560.016617917
64 67 75495.252757088
65 67 -0.003755699
66 67 0.679760480
67 67 1056691.780230703
68 67 -0.003250538
69 67 2.030057080
70 67 95064.481949465
71 67 0.001137549
72 67 -0.110028766
91 67 -38.006109949
92 67 1027.951957845
93 67 -62.278874717
94 67 7403.861635709
95 67 -265.140391755
96 67 -106.435904229
7 68 -2382.118419578
8 68 156.903276294
9 68 840.034725400
10 68 -6914.972339497
11 68 -930026.967331954
12 68 -17373.296473013
13 68 62315.339240399
14 68 -1386.044271897
15 68 -6077.442617747
16 68 -1912.468975349
17 68 -94794.805878905
18 68 -515.693900023
19 68 6370.883762365
20 68 -251.455027981
21 68 -217.537103332
22 68 41718.835044716
23 68 1024171.128636320
24 68 4640.218213732
64 68 0.010071274
65 68 75495.330331284
66 68 0.762217654
67 68 -0.003250538
68 68 1056691.828712161
69 68 1.261894463
70 68 0.000107627
71 68 95064.414481498
72 68 -0.262134996
91 68 -1026.452072290
92 68 -38.002726763
93 68 44.599877370
94 68 270.683572597
95 68 7400.161066940
96 68 339.901006161
7 69 -909.309764744
8 69 677.176640725
9 69 52.992169484
10 69 38186.607878464
11 69 -17653.287776028
12 69 929663.356641288
13 69 -996.889721090
14 69 -4558.856595842
15 69 -6.900102879
16 69 2171.910670602
17 69 -561.846189749
18 69 94874.321420618
19 69 -447.959547422
20 69 -98.551781084
21 69 6.489663674
22 69 -16366.988672826
23 69 5317.118541927
24 69 -1025371.200082945
64 69 -0.431556404
65 69 0.396710751
66 69 75474.589906401
67 69 2.030057080
68 69 1.261894463
69 69 1057012.490290754
70 69 -0.169942843
71 69 -1.277938326
72 69 95009.789420816
91 69 8.209556951
92 69 -7.923388263
93 69 -1.315689048
94 69 -98.368141386
95 69 345.549244239
96 69 -7422.755786808
13 70 119.680818274
14 70 1639.846805036
15 70 -2366.456630796
16 70 -928083.294619735
17 70 18608.327884156
18 70 21277.428628403
19 70 903.786084337
20 70 25448.280959832
21 70 633.685449603
22 70 -41840.306343073
23 70 1701.212470347
24 70 679.047505061
25 70 -2.584422665
26 70 26.242021029
27 70 -418.061942326
28 70 969485.017053237
29 70 -41081.474996700
30 70 -8742.528728024
67 70 95064.481949465
68 70 0.000107627
69 70 -0.169942843
70 70 1033639.430516437
71 70 0.007674503
72 70 -0.216069956
73 70 79640.567935793
74 70 0.012469093
75 70 0.331045654
91 70 -36.648974960
92 70 -1424.554645584
93 70 -127.670891423
94 70 -2851.655218938
95 70 -12.020120619
96 70 -166.502173172
13 71 -1637.563546645
14 71 176.717656156
15 71 -492.851937054
16 71 -18729.250634297
17 71 -928310.251119791
18 71 -5074.421781699
19 71 -25445.404330832
20 71 892.751222961
21 71 531.420874172
22 71 -1704.380928322
23 71 -41845.667613231
24 71 -180.620180495
25 71 -12.870785992
26 71 -7.170139706
27 71 293.918268447
28 71 41304.799942560
29 71 969157.903529664
30 71 26296.005272090
67 71 0.001137549
68 71 95064.414481498
69 71 -1.277938326
70 71 0.007674503
71 71 1033639.282047490
72 71 1.383129388
73 71 -0.003971655
74 71 79640.504513891
75 71 -0.901322046
91 71 1426.356829815
92 71 -34.438760181
93 71 -35.892569799
94 71 10.230408797
95 71 -2845.180731626
96 71 -303.036789596
13 72 -2342.585704926
14 72 -515.290571179
15 72 50.484757361
16 72 21183.925985873
17 72 -5496.216980958
18 72 928716.058279648
19 72 482.208086217
20 72 133.096519026
21 72 -6.726857438
22 72 666.038063733
23 72 -222.345761038
24 72 41714.432109517
25 72 -405.943367155
26 72 310.096797386
27 72 11.307220419
28 72 -7620.453005751
29 72 26659.103443896
30 72 -970298.148500785
67 72 -0.110028766
68 72 -0.262134996
69 72 95009.789420816
70 72 -0.216069956
71 72 1.383129388
72 72 1033930.645295929
73 72 -0.341348675
74 72 -0.827219848
75 72 79617.035032300
91 72 8.653353576
92 72 -1.584649491
93 72 -0.246998043
94 72 -176.554053633
95 72 -295.103254337
96 72 2866.687993640
19 73 221.378886456
20 73 2759.799815621
21 73 224.541465405
22 73 -936627.554839491
23 73 38084.343538372
24 73 15139.822076615
25 73 -65.441164996
26 73 645.057540503
27 73 1329.033748581
28 73 97958.036063000
29 73 -4151.384300015
30 73 -869.948621778
31 73 68.838434649
32 73 1733.280327325
33 73 -37.423347440
34 73 838793.984525332
35 73 -33722.577512357
36 73 -2118.717875154
70 73 79640.567935793
71 73 -0.003971655
72 73 -0.341348675
73 73 982446.667032488
74 73 -0.033637396
75 73 0.318637662
76 73 69372.826556562
77 73 -0.004531661
78 73 -0.254134087
91 73 -45.003818000
92 73 -103.047833463
93 73 98.517913502
94 73 -493.088320769
95 73 73.139798190
96 73 89.387457066
19 74 -2747.853269992
20 74 211.951830963
21 74 910.098353100
22 74 -38157.179449330
23 74 -936737.133658690
24 74 -4242.231392832
25 74 -665.192011254
26 74 -127.240483194
27 74 1940.898281126
28 74 4173.424603974
29 74 97924.491590206
30 74 2650.292560319
31 74 -1732.098973138
32 74 68.392702086
33 74 457.912550077
34 74 33722.345796936
35 74 838797.005555202
36 74 -93.544582714
70 74 0.012469093
71 74 79640.504513891
72 74 -0.827219848
73 74 -0.033637396
74 74 982446.667828279
75 74 2.196679850
76 74 -0.013675342
77 74 69372.912933639
78 74 -0.339101192
91 74 98.632329363
92 74 -44.130763470
93 74 -39.246970397
94 74 -74.361811329
95 74 -496.673167689
96 74 115.003527375
19 75 158.334666434
20 75 836.864697016
21 75 2.627666861
22 75 14971.577123616
23 75 -4867.484676611
24 75 937737.941116308
25 75 1482.151174456
26 75 1897.299795467
27 75 39.146407871
28 75 -778.500596486
29 75 2701.126186083
30 75 -98114.569517113
31 75 -21.496025357
32 75 453.872298882
33 75 0.591933390
34 75 -2111.558517126
35 75 -10.385439212
36 75 -839712.569825875
70 75 0.331045654
71 75 -0.901322046
72 75 79617.035032300
73 75 0.318637662
74 75 2.196679850
75 75 982637.118435642
76 75 -0.828176837
77 75 -0.018951762
78 75 69352.748748494
91 75 -4.623734808
92 75 -4.430362353
93 75 0.340198046
94 75 94.442147792
95 75 109.441166071
96 75 502.582694539
25 76 -57.050847953
26 76 -2014.656890187
27 76 -773.180507036
28 76 -821466.265905746
29 76 34809.355100904
30 76 7407.389735934
31 76 -582.415706714
32 76 -13668.512549363
33 76 919.874939493
34 76 -134491.198907150
35 76 5406.970157842
36 76 340.531546985
37 76 18.967564088
38 76 329.824918058
39 76 391.812572427
40 76 955566.459708060
41 76 -49022.282333481
42 76 -5228.475017889
73 76 69372.826556562
74 76 -0.013675342
75 76 -0.828176837
76 76 982950.941287900
77 76 0.006231483
78 76 1.560562077
79 76 79653.089243796
80 76 0.000451895
81 76 0.054849822
91 76 -29.133248340
92 76 -56.758477517
93 76 -161.641616451
94 76 1634.594478237
95 76 -60.868758579
96 76 -41.786711028
25 77 2039.245469402
26 77 -64.504121155
27 77 455.375582057
28 77 -34998.525521485
29 77 -821190.269765151
30 77 -22281.381067632
31 77 13667.255289861
32 77 -584.136950424
33 77 -176.712928428
34 77 -5407.009280686
35 77 -134491.067155910
36 77 14.536872802
37 77 -345.622943388
38 77 16.943498841
39 77 18.287929050
40 77 49198.497695469
41 77 954734.464626400
42 77 40001.083349326
73 77 -0.004531661
74 77 69372.912933639
75 77 -0.018951762
76 77 0.006231483
77 77 982951.098422613
78 77 1.163004210
79 77 -0.000200552
80 77 79653.137317649
81 77 0.102442877
91 77 60.547748991
92 77 -29.544829592
93 77 -11.153348422
94 77 61.302176020
95 77 1635.789907726
96 77 -10.602474073
25 78 -598.630179719
26 78 510.039844296
27 78 19.353664050
28 78 6453.415397376
29 78 -22589.023727029
30 78 822229.488109779
31 78 812.393083134
32 78 -186.915766666
33 78 -2.658443024
34 78 340.196229110
35 78 0.389589157
36 78 134567.833591273
37 78 377.994743662
38 78 -3.000984912
39 78 -1.413245512
40 78 -3164.120657214
41 78 40233.864144341
42 78 -956282.080785051
73 78 -0.254134087
74 78 -0.339101192
75 78 69352.748748494
76 78 1.560562077
77 78 1.163004210
78 78 983150.783386824
79 78 -0.132712287
80 78 0.249390150
81 78 79629.334801048
91 78 -0.675889636
92 78 0.058510394
93 78 1.389229992
94 78 -43.316869091
95 78 -8.971662849
96 78 -1636.549168857
31 79 164.283338317
32 79 3388.825531075
33 79 -702.211832071
34 79 -950207.034308716
35 79 38201.734717940
36 79 2393.554777097
37 79 1820.640686672
38 79 35944.400992780
39 79 1277.433573641
40 79 415696.703382765
41 79 -21326.019021829
42 79 -2273.257710219
43 79 94.734304553
44 79 1848.221112715
45 79 405.863957709
46 79 534066.955111913
47 79 -26002.168412460
48 79 -5539.254373671
76 79 79653.089243796
77 79 -0.000200552
78 79 -0.132712287
79 79 934135.929682744
80 79 0.002182850
81 79 0.356034944
82 79 44843.663063267
83 79 -0.006307388
84 79 -0.016170548
91 79 23.573179634
92 79 -54.913964664
93 79 125.297450243
94 79 -4300.569431733
95 79 201.112611657
96 79 40.865029939
31 80 -3386.930920000
32 80 166.411826652
33 80 1109.841849872
34 80 -38201.603836519
35 80 -950210.336308430
36 80 111.682454776
37 80 -35966.186415890
38 80 1826.607784119
39 80 -98.435609046
40 80 21402.682545719
41 80 415334.249045609
42 80 17401.853889986
43 80 -1850.549845502
44 80 88.422427687
45 80 237.289390554
46 80 26062.672420856
47 80 534061.196987972
48 80 5868.002515061
76 80 0.000451895
77 80 79653.137317649
78 80 0.249390150
79 80 0.002182850
80 80 934136.063773816
81 80 2.285773540
82 80 -0.013844691
83 80 44843.738770571
84 80 -0.649808651
91 80 50.066349753
92 80 23.755080952
93 80 -10.614583138
94 80 -202.784668810
95 80 -4294.187430055
96 80 -290.958303388
31 81 -742.141213227
32 81 1137.319056491
33 81 1.663722233
34 81 2395.263630248
35 81 7.964638157
36 81 951309.498433313
37 81 -158.119558619
38 81 -291.134931113
39 81 -11.583971237
40 81 -1376.156001437
41 81 17501.954476321
42 81 -416057.460075857
43 81 395.839207120
44 81 199.271867916
45 81 -1.541593277
46 81 -5247.913770410
47 81 6141.152332128
48 81 -534823.836822309
76 81 0.054849822
77 81 0.102442877
78 81 79629.334801048
79 81 0.356034944
80 81 2.285773540
81 81 934298.180578331
82 81 -0.222118471
83 81 -0.224434133
84 81 44828.034639746
91 81 -0.506246250
92 81 0.126139574
93 81 0.144171920
94 81 27.699319775
95 81 -292.481286183
96 81 4306.317523707
37 82 -128.034864976
38 82 -1812.495479612
39 82 -2635.513374008
40 82 -538555.387178904
41 82 27629.134423113
42 82 2943.463831654
43 82 1794.593414044
44 82 35626.049223766
45 82 3743.119988261
46 82 360679.335249375
47 82 -17560.553434218
48 82 -3739.305816572
49 82 46.261755873
50 82 873.836914171
51 82 -546.672484176
52 82 177938.211735104
53 82 -8402.594281453
54 82 1827.869815350
79 82 44843.663063267
80 82 -0.013844691
81 82 -0.222118471
82 82 812163.938834463
83 82 -0.020176969
84 82 -0.473025397
85 82 18454.748368301
86 82 0.002342672
87 82 0.021866068
91 82 6.550731237
92 82 -18.183240030
93 82 -61.233848779
94 82 -3157.791923236
95 82 160.367542451
96 82 44.819276570
37 83 1919.771918283
38 83 -107.231974123
39 83 -319.786481743
40 83 -27728.095325164
41 83 -538087.961039386
42 83 -22534.348885369
43 83 -35658.242076975
44 83 1756.017996178
45 83 628.099916142
46 83 17601.245650611
47 83 360676.239702811
48 83 3957.611950086
49 83 -857.519036065
50 83 41.218397854
51 83 -61.567513981
52 83 8334.859747034
53 83 177844.247714328
54 83 6158.728503709
79 83 -0.006307388
80 83 44843.738770571
81 83 -0.224434133
82 83 -0.020176969
83 83 812164.181750440
84 83 3.530929918
85 83 -0.006177795
86 83 18454.765758361
87 83 0.687968271
91 83 20.426535308
92 83 6.272301631
93 83 12.490499495
94 83 -160.176507318
95 83 -3159.767990226
96 83 57.075228560
37 84 -2593.030311745
38 84 -195.715204839
39 84 -0.453279309
40 84 1785.167604398
41 84 -22687.114238269
42 84 539031.933159885
43 84 3374.403863232
44 84 114.092758412
45 84 -31.149027930
46 84 -3544.839541365
47 84 4154.441848725
48 84 -361250.908717857
49 84 -571.931712863
50 84 -25.968426321
51 84 -7.540262394
52 84 2115.192344259
53 84 6072.280690625
54 84 -178103.874169465
79 84 -0.016170548
80 84 -0.649808651
81 84 44828.034639746
82 84 -0.473025397
83 84 3.530929918
84 84 812268.289011580
85 84 0.076581627
86 84 -0.472860172
87 84 18448.355214109
91 84 -0.760231881
92 84 -0.611825462
93 84 -0.502190918
94 84 47.588769063
95 84 53.910061239
96 84 3169.573063385
43 85 139.435466396
44 85 2024.365806913
45 85 1618.674723638
46 85 -187604.097864967
47 85 9133.885514465
48 85 1945.400872174
49 85 -809.216045920
50 85 -17334.799878568
51 85 -3170.633493881
52 85 -203515.481898347
53 85 9610.379235328
54 85 -2088.961325184
55 85 -72.108542924
56 85 -1799.281363748
57 85 257.749913670
58 85 391254.054950572
59 85 -15913.797172912
60 85 -3059.885074712
82 85 18454.748368301
83 85 -0.006177795
84 85 0.076581627
85 85 792509.476387550
86 85 -0.004237674
87 85 0.152115240
88 85 30479.157306369
89 85 0.006530543
90 85 -0.122893520
91 85 11.102943750
92 85 176.406294451
93 85 -63.007115688
94 85 1698.746333553
95 85 -78.595434896
96 85 66.900351204
43 86 -2032.566280124
44 86 124.143596040
45 86 -50.254946202
46 86 -9155.313064727
47 86 -187602.136179925
48 86 -2071.088576938
49 86 17418.456908984
50 86 -854.221031364
51 86 416.237801755
52 86 -9532.830655527
53 86 -203407.618374478
54 86 -7047.099067509
55 86 1788.866397746
56 86 -75.856896203
57 86 47.778904761
58 86 16011.509375277
59 86 391021.961602402
60 86 13710.864404629
82 86 0.002342672
83 86 18454.765758361
84 86 -0.472860172
85 86 -0.004237674
86 86 792509.667969528
87 86 -3.877062498
88 86 0.000814657
89 86 30479.141716662
90 86 -0.070874077
91 86 -177.965995343
92 86 10.367454182
93 86 -21.741302319
94 86 76.262540150
95 86 1699.017957567
96 86 42.280625528
43 87 1431.566454499
44 87 -147.870198182
45 87 -14.950747082
46 87 1844.456655760
47 87 -2151.170844841
48 87 187909.729560773
49 87 -2397.155268217
50 87 358.592475631
51 87 -17.283283142
52 87 -2419.939139629
53 87 -6943.213836343
54 87 203637.207983229
55 87 325.323147626
56 87 47.791968167
57 87 -0.176107521
58 87 -2498.210356457
59 87 13816.394492265
60 87 -391449.293099481
82 87 0.021866068
83 87 0.687968271
84 87 18448.355214109
85 87 0.152115240
86 87 -3.877062498
87 87 792583.713658725
88 87 -0.156976986
89 87 0.685363115
90 87 30467.600019004
91 87 -14.025820724
92 87 0.378140548
93 87 -1.408643064
94 87 69.034533501
95 87 39.536687641
96 87 -1700.213287026
49 88 57.519145391
50 88 1723.810109875
51 88 796.868387648
52 88 -362345.264443893
53 88 17110.607013173
54 88 -3720.418178568
55 88 1398.483508864
56 88 33821.169277205
57 88 913.414492118
58 88 362457.439113510
59 88 -14742.523348029
60 88 -2834.483996561
85 88 30479.157306369
86 88 0.000814657
87 88 -0.156976986
88 88 747408.082555198
89 88 -0.003957256
90 88 0.268124639
91 88 -11.754478640
92 88 -331.975633572
93 88 17.326126550
94 88 -3713.973643755
95 88 142.761516139
96 88 -10.794208562
49 89 -1750.430336064
50 89 66.931816878
51 89 -24.293265356
52 89 -16972.712609277
53 89 -362153.445097090
54 89 -12547.766125610
55 89 -33832.249386055
56 89 1398.759573009
57 89 72.301297764
58 89 14833.040622328
59 89 362242.391644241
60 89 12693.624143145
85 89 0.006530543
86 89 30479.141716662
87 89 0.685363115
88 89 -0.003957256
89 89 747408.078286308
90 89 -0.368490534
91 89 331.047670830
92 89 -12.049661997
93 89 28.452293894
94 89 -142.259119853
95 89 -3711.321588426
96 89 -143.379885423
49 90 795.858645348
50 90 -54.944741205
51 90 8.019821862
52 90 -4308.476692223
53 90 -12362.908145984
54 90 362660.127406941
55 90 -338.339533524
56 90 -167.510104933
57 90 -4.187009875
58 90 -2314.333838441
59 90 12802.643991640
60 90 -362663.088314884
85 90 -0.122893520
86 90 -0.070874077
87 90 30467.600019004
88 90 0.268124639
89 90 -0.368490534
90 90 747451.692460033
91 90 2.982763284
92 90 1.736496320
93 90 0.145440267
94 90 -16.504655517
95 90 -143.003566439
96 90 3720.829183444
1 91 -3242512.291868883
2 91 39892.404474563
3 91 -129489.252760009
4 91 -368.902116155
5 91 270.046035550
6 91 8.129105121
7 91 402334.169035815
8 91 -61462.468012451
9 91 101935.705119471
10 91 391.104760686
11 91 745.197975601
12 91 0.649286459
13 91 -1862667.758691141
14 91 -76494.027876321
15 91 65956.862118316
16 91 119.243399733
17 91 -4761.224854699
18 91 17.003661297
19 91 1667827.982379531
20 91 -76249.763168774
21 91 -30142.600040536
22 91 172.345559194
23 91 3818.258318560
24 91 -33.515083309
25 91 390109.324043326
26 91 18386.493564355
27 91 48018.720392534
28 91 -232.882549107
29 91 -70.270385557
30 91 -3.960681282
31 91 -391918.313896972
32 91 -12535.870837126
33 91 -6749.117869567
34 91 -41.331773807
35 91 91.139325260
36 91 3.063736200
37 91 1326472.210501995
38 91 -19418.203712433
39 91 -4339.095449391
40 91 -5.548662398
41 91 1.732751732
42 91 10.345357905
43 91 883147.788178797
44 91 5566.659699852
45 91 6306.655501136
46 91 33.166200128
47 91 184.152759528
48 91 -47.709857715
49 91 -446717.454772168
50 91 5410.832076149
51 91 11380.202948837
52 91 -52.887174165
53 91 -1449.558008204
54 91 -15.149391753
55 91 1272414.552688357
56 91 2135.245528586
57 91 -24683.721369345
58 91 39.713411042
59 91 1170.337250723
60 91 47.257358430
61 91 -101.531954583
62 91 -59.643097936
63 91 -1.120676493
64 91 445.805644784
65 91 30.430740064
66 91 2.763469330
67 91 -38.006109949
68 91 -1026.452072290
69 91 8.209556951
70 91 -36.648974960
71 91 1426.356829815
72 91 8.653353576
73 91 -45.003818000
74 91 98.632329363
75 91 -4.623734808
76 91 -29.133248340
77 91 60.547748991
78 91 -0.675889636
79 91 23.573179634
80 91 50.066349753
81 91 -0.506246250
82 91 6.550731237
83 91 20.426535308
84 91 -0.760231881
85 91 11.102943750
86 91 -177.965995343
87 91 -14.025820724
88 91 -11.754478640
89 91 331.047670830
90 91 2.982763284
91 91 9064504.725436926
92 91 -283.749739976
93 91 -85.984937606
94 91 -272.942941411
95 91 -290.799941607
96 91 7.265196996
1 92 -39178.737167358
2 92 -3245098.177909697
3 92 -12108.647607210
4 92 -236.404618991
5 92 -339.679311466
6 92 1.631613141
7 92 59780.149530696
8 92 402388.507875203
9 92 41936.909507156
10 92 -782.075445082
11 92 362.548709123
12 92 -4.627357312
13 92 77533.340778458
14 92 -1862422.377756342
15 92 46876.049875466
16 92 4752.460673840
17 92 115.147506313
18 92 -64.935442085
19 92 75883.480270921
20 92 1667265.134541418
21 92 -61440.346867367
22 92 -3797.577908700
23 92 174.315328020
24 92 57.861623474
25 92 -19277.551226800
26 92 389969.366092164
27 92 30111.659312985
28 92 60.449657431
29 92 -232.230791703
30 92 -10.540715006
31 92 12364.787623541
32 92 -391136.342215919
33 92 31070.117303015
34 92 -92.680806011
35 92 -39.248965663
36 92 8.213951353
37 92 19613.724245530
38 92 1326275.272026870
39 92 9446.635234093
40 92 0.494062769
41 92 -9.408322142
42 92 2.477621303
43 92 -5496.188392759
44 92 883047.546127951
45 92 694.803715873
46 92 -178.146943109
47 92 39.339134781
48 92 1.283545962
49 92 -5528.037238862
50 92 -446704.717211785
51 92 5211.147531319
52 92 1446.210151577
53 92 -54.065242469
54 92 21.805335985
55 92 -2063.142070940
56 92 1272679.880543062
57 92 2125.496461348
58 92 -1174.754009521
59 92 37.494717005
60 92 2.617851623
61 92 35.650253262
62 92 -109.430651230
63 92 -2.960817923
64 92 -37.283430512
65 92 424.891435024
66 92 -2.088381531
67 92 1027.951957845
68 92 -38.002726763
69 92 -7.923388263
70 92 -1424.554645584
71 92 -34.438760181
72 92 -1.584649491
73 92 -103.047833463
74 92 -44.130763470
75 92 -4.430362353
76 92 -56.758477517
77 92 -29.544829592
78 92 0.058510394
79 92 -54.913964664
80 92 23.755080952
81 92 0.126139574
82 92 -18.183240030
83 92 6.272301631
84 92 -0.611825462
85 92 176.406294451
86 92 10.367454182
87 92 0.378140548
88 92 -331.975633572
89 92 -12.049661997
90 92 1.736496320
91 92 -283.749739976
92 92 9064246.807105010
93 92 112.546155600
94 92 284.465134539
95 92 -268.278601234
96 92 4.218492173
1 93 128760.308535270
2 93 10627.257924030
3 93 -3242788.341601586
4 93 -463.894704872
5 93 513.148733895
6 93 7.573083277
7 93 -103304.562478571
8 93 -39795.863556444
9 93 401589.422577304
10 93 356.878438352
11 93 -445.746604655
12 93 -18.703534230
13 93 -64878.610350454
14 93 -47184.327055109
15 93 -1861196.127922929
16 93 603.850170199
17 93 -241.477643762
18 93 -19.303713744
19 93 31194.628330696
20 93 61322.821526383
21 93 1669603.371181098
22 93 -557.003931429
23 93 371.627224252
24 93 21.018158553
25 93 -47612.119130326
26 93 -30323.970179303
27 93 390230.082557721
28 93 39.531362035
29 93 -224.405136088
30 93 -14.729346472
31 93 7196.141880825
32 93 -30975.174169937
33 93 -390960.000599327
34 93 181.783942793
35 93 64.812081219
36 93 4.408884557
37 93 3895.266985343
38 93 -9381.602751198
39 93 1326417.277828814
40 93 -215.014857243
41 93 9.766770938
42 93 -1.509291023
43 93 -6380.835270014
44 93 -719.096481225
45 93 882925.300285011
46 93 306.006338119
47 93 -35.966199587
48 93 -8.521095642
49 93 -11385.474527802
50 93 -5248.934037631
51 93 -446723.435415621
52 93 -292.792980405
53 93 -89.137138514
54 93 -2.110254219
55 93 24671.496293751
56 93 -2065.614032789
57 93 1272673.496507045
58 93 38.325185674
59 93 85.467837305
60 93 3.365114615
61 93 120.024183158
62 93 -364.886481032
63 93 -1.693207248
64 93 357.141612765
65 93 -99.290821164
66 93 -2.180841557
67 93 -62.278874717
68 93 44.599877370
69 93 -1.315689048
70 93 -127.670891423
71 93 -35.892569799
72 93 -0.246998043
73 93 98.517913502
74 93 -39.246970397
75 93 0.340198046
76 93 -161.641616451
77 93 -11.153348422
78 93 1.389229992
79 93 125.297450243
80 93 -10.614583138
81 93 0.144171920
82 93 -61.233848779
83 93 12.490499495
84 93 -0.502190918
85 93 -63.007115688
86 93 -21.741302319
87 93 -1.408643064
88 93 17.326126550
89 93 28.452293894
90 93 0.145440267
91 93 -85.984937606
92 93 112.546155600
93 93 9063958.541810855
94 93 -85.413152195
95 93 -85.303804909
96 93 6.687304876
1 94 -761.326307157
2 94 -48392.876848691
3 94 -296.496412480
4 94 104.106285124
5 94 281.396132597
6 94 154.598823052
7 94 -790.028505840
8 94 -58529.232422830
9 94 -983.895970845
10 94 7073.095946505
11 94 54.197631851
12 94 -896.330840673
13 94 5.775789352
14 94 -36771.254235452
15 94 -55.324151564
16 94 -21684.863403746
17 94 372.673870695
18 94 182.880352177
19 94 -111.587562643
20 94 -33313.448398371
21 94 -184.518398629
22 94 10359.266526080
23 94 -907.067831714
24 94 151.568654104
25 94 46.058868303
26 94 -22236.809719265
27 94 -702.397649354
28 94 1950.328538313
29 94 -89.796590604
30 94 290.449804502
31 94 29.356522227
32 94 -22669.214434432
33 94 96.491120711
34 94 1419.950827900
35 94 522.650828068
36 94 116.153207611
37 94 -57.018325689
38 94 -18362.020622377
39 94 -670.681578442
40 94 1296.626697845
41 94 -514.937458897
42 94 204.245803964
43 94 -6.454987249
44 94 -11067.566850229
45 94 -540.194971552
46 94 883.107048559
47 94 37.094778720
48 94 -407.734035207
49 94 -23.428684532
50 94 -9674.788237090
51 94 -300.258223902
52 94 -5059.394932727
53 94 -78.724860872
54 94 445.919636383
55 94 -1.191508651
56 94 -4455.672877348
57 94 -81.994319342
58 94 3597.376872982
59 94 123.199439366
60 94 -342.798700041
61 94 10288.968541573
62 94 -257.192829008
63 94 -574.005045937
64 94 -1991.717033188
65 94 11.646978932
66 94 407.259410864
67 94 7403.861635709
68 94 270.683572597
69 94 -98.368141386
70 94 -2851.655218938
71 94 10.230408797
72 94 -176.554053633
73 94 -493.088320769
74 94 -74.361811329
75 94 94.442147792
76 94 1634.594478237
77 94 61.302176020
78 94 -43.316869091
79 94 -4300.569431733
80 94 -202.784668810
81 94 27.699319775
82 94 -3157.791923236
83 94 -160.176507318
84 94 47.588769063
85 94 1698.746333553
86 94 76.262540150
87 94 69.034533501
88 94 -3713.973643755
89 94 -142.259119853
90 94 -16.504655517
91 94 -272.942941411
92 94 284.465134539
93 94 -85.413152195
94 94 10000714338.266912460
95 94 -0.889914152
96 94 16.294579376
1 95 48467.098217795
2 95 -759.967385995
3 95 -1038.905629676
4 95 -280.753470559
5 95 107.609752255
6 95 -32.509064253
7 95 58585.448573338
8 95 -743.037393845
9 95 -2583.872388530
10 95 -37.297847349
11 95 7075.070107603
12 95 903.364674115
13 95 36762.984791961
14 95 -4.140138155
15 95 -865.337303070
16 95 -365.051518451
17 95 -21678.784259943
18 95 -477.961981447
19 95 33308.007253281
20 95 -113.524732518
21 95 -575.073040226
22 95 909.389695116
23 95 10348.532703848
24 95 -1283.412730698
25 95 22244.108623769
26 95 46.253418524
27 95 -219.140155820
28 95 81.228793895
29 95 1924.143782581
30 95 2263.122914865
31 95 22669.149657832
32 95 26.127899345
33 95 -36.157208618
34 95 -515.670214497
35 95 1351.246206296
36 95 -3320.782414319
37 95 18360.470849376
38 95 -56.594610680
39 95 3.276233480
40 95 505.414169084
41 95 1240.338536652
42 95 2989.283245904
43 95 11063.603762205
44 95 -3.567050326
45 95 -112.784086349
46 95 -44.446159442
47 95 874.890683798
48 95 -1011.623775515
49 95 9676.032201138
50 95 -22.466675694
51 95 124.377968999
52 95 75.657490797
53 95 -5057.998209781
54 95 -54.335776937
55 95 4456.475564126
56 95 -0.324386230
57 95 0.232368886
58 95 -120.369863188
59 95 3602.276700983
60 95 161.134501537
61 95 255.493862493
62 95 10305.125497611
63 95 -23.215257786
64 95 -4.654236691
65 95 -2010.618174230
66 95 194.999209954
67 95 -265.140391755
68 95 7400.161066940
69 95 345.549244239
70 95 -12.020120619
71 95 -2845.180731626
72 95 -295.103254337
73 95 73.139798190
74 95 -496.673167689
75 95 109.441166071
76 95 -60.868758579
77 95 1635.789907726
78 95 -8.971662849
79 95 201.112611657
80 95 -4294.187430055
81 95 -292.481286183
82 95 160.367542451
83 95 -3159.767990226
84 95 53.910061239
85 95 -78.595434896
86 95 1699.017957567
87 95 39.536687641
88 95 142.761516139
89 95 -3711.321588426
90 95 -143.003566439
91 95 -290.799941607
92 95 -268.278601234
93 95 -85.303804909
94 95 -0.889914152
95 95 10000714337.151544571
96 95 0.593338009
1 96 190.169855500
2 96 2830.384681486
3 96 13.590129961
4 96 -159.811047537
5 96 25.763898627
6 96 119.162496785
7 96 101.623753924
8 96 3507.505520771
9 96 60.233884064
10 96 898.803148695
11 96 -898.669129693
12 96 7077.171110516
13 96 448.334345438
14 96 667.614997876
15 96 -11.627438185
16 96 -171.864155748
17 96 497.739211304
18 96 -21704.557846850
19 96 466.102589212
20 96 513.104367952
21 96 -5.644167491
22 96 -144.679133839
23 96 1287.951189195
24 96 10369.015405508
25 96 522.311048625
26 96 290.772199699
27 96 7.726596176
28 96 -292.703055205
29 96 -2264.018955563
30 96 1925.648789503
31 96 212.852402658
32 96 67.420863673
33 96 -3.329211937
34 96 -138.174886792
35 96 3319.272592272
36 96 1347.242815102
37 96 474.573229824
38 96 33.548562561
39 96 -0.347819298
40 96 -228.243263147
41 96 -2989.038831623
42 96 1247.835761466
43 96 574.420465574
44 96 90.249201987
45 96 -2.174443169
46 96 405.160639069
47 96 1015.613140342
48 96 865.494668137
49 96 299.232547928
50 96 -120.092677005
51 96 -1.153946850
52 96 -444.835398350
53 96 51.569175897
54 96 -5061.345135617
55 96 72.817761843
56 96 -74.664474420
57 96 -1.172352275
58 96 343.156043158
59 96 -156.902856047
60 96 3595.454715145
61 96 -551.528826480
62 96 -7.785801430
63 96 -10522.572828237
64 96 390.686742044
65 96 190.691517444
66 96 2229.667735392
67 96 -106.435904229
68 96 339.901006161
69 96 -7422.755786808
70 96 -166.502173172
71 96 -303.036789596
72 96 2866.687993640
73 96 89.387457066
74 96 115.003527375
75 96 502.582694539
76 96 -41.786711028
77 96 -10.602474073
78 96 -1636.549168857
79 96 40.865029939
80 96 -290.958303388
81 96 4306.317523707
82 96 44.819276570
83 96 57.075228560
84 96 3169.573063385
85 96 66.900351204
86 96 42.280625528
87 96 -1700.213287026
88 96 -10.794208562
89 96 -143.379885423
90 96 3720.829183444
91 96 7.265196996
92 96 4.218492173
93 96 6.687304876
94 96 16.294579376
95 96 0.593338009
96 96 10000714595.996252060
